Model,Scenario,Region,Variable,Unit,Year,Value
MESSAGEix-GLOBIOM_1.0,NPi_v3,World,Coal,EJ/yr,2010,31.06073684
MESSAGEix-GLOBIOM_1.0,NPi_v3,R5ASIA,Coal,EJ/yr,2010,15.80702191
MESSAGEix-GLOBIOM_1.0,NPi_v3,R5MAF,Coal,EJ/yr,2010,1.079943173
MESSAGEix-GLOBIOM_1.0,NPi_v3,R5LAM,Coal,EJ/yr,2010,0.2523200526
MESSAGEix-GLOBIOM_1.0,NPi_v3,R5REF,Coal,EJ/yr,2010,1.120616048
MESSAGEix-GLOBIOM_1.0,NPi_v3,R5OECD90+EU,Coal,EJ/yr,2010,12.80083565
MESSAGEix-GLOBIOM_1.0,NPi_v3,World,Gas,EJ/yr,2010,16.24323642
MESSAGEix-GLOBIOM_1.0,NPi_v3,R5ASIA,Gas,EJ/yr,2010,2.65751557
MESSAGEix-GLOBIOM_1.0,NPi_v3,R5MAF,Gas,EJ/yr,2010,2.834046297
MESSAGEix-GLOBIOM_1.0,NPi_v3,R5LAM,Gas,EJ/yr,2010,1.305353292
MESSAGEix-GLOBIOM_1.0,NPi_v3,R5REF,Gas,EJ/yr,2010,2.038578279
MESSAGEix-GLOBIOM_1.0,NPi_v3,R5OECD90+EU,Gas,EJ/yr,2010,7.407742977
MESSAGEix-GLOBIOM_1.0,NPi_v3,World,Geothermal,EJ/yr,2010,0.3578415539
MESSAGEix-GLOBIOM_1.0,NPi_v3,R5ASIA,Geothermal,EJ/yr,2010,0.153183592
MESSAGEix-GLOBIOM_1.0,NPi_v3,R5MAF,Geothermal,EJ/yr,2010,0.006150297424
MESSAGEix-GLOBIOM_1.0,NPi_v3,R5LAM,Geothermal,EJ/yr,2010,0.04596955692
MESSAGEix-GLOBIOM_1.0,NPi_v3,R5REF,Geothermal,EJ/yr,2010,0.001277368566
MESSAGEix-GLOBIOM_1.0,NPi_v3,R5OECD90+EU,Geothermal,EJ/yr,2010,0.151260739
MESSAGEix-GLOBIOM_1.0,NPi_v3,World,Hydro,EJ/yr,2010,12.85671186
MESSAGEix-GLOBIOM_1.0,NPi_v3,R5ASIA,Hydro,EJ/yr,2010,3.659621038
MESSAGEix-GLOBIOM_1.0,NPi_v3,R5MAF,Hydro,EJ/yr,2010,0.4954934689
MESSAGEix-GLOBIOM_1.0,NPi_v3,R5LAM,Hydro,EJ/yr,2010,2.662481373
MESSAGEix-GLOBIOM_1.0,NPi_v3,R5REF,Hydro,EJ/yr,2010,0.9736896371
MESSAGEix-GLOBIOM_1.0,NPi_v3,R5OECD90+EU,Hydro,EJ/yr,2010,5.065426341
MESSAGEix-GLOBIOM_1.0,NPi_v3,World,Nuclear,EJ/yr,2010,9.703582614
MESSAGEix-GLOBIOM_1.0,NPi_v3,R5ASIA,Nuclear,EJ/yr,2010,1.031937958
MESSAGEix-GLOBIOM_1.0,NPi_v3,R5MAF,Nuclear,EJ/yr,2010,0.04144339866
MESSAGEix-GLOBIOM_1.0,NPi_v3,R5LAM,Nuclear,EJ/yr,2010,0.1001958964
MESSAGEix-GLOBIOM_1.0,NPi_v3,R5REF,Nuclear,EJ/yr,2010,0.8288711506
MESSAGEix-GLOBIOM_1.0,NPi_v3,R5OECD90+EU,Nuclear,EJ/yr,2010,7.701134211
MESSAGEix-GLOBIOM_1.0,NPi_v3,World,Oil,EJ/yr,2010,2.549096917
MESSAGEix-GLOBIOM_1.0,NPi_v3,R5ASIA,Oil,EJ/yr,2010,0.4846683998
MESSAGEix-GLOBIOM_1.0,NPi_v3,R5MAF,Oil,EJ/yr,2010,1.174738165
MESSAGEix-GLOBIOM_1.0,NPi_v3,R5LAM,Oil,EJ/yr,2010,0.2440094608
MESSAGEix-GLOBIOM_1.0,NPi_v3,R5REF,Oil,EJ/yr,2010,0.09352121146
MESSAGEix-GLOBIOM_1.0,NPi_v3,R5OECD90+EU,Oil,EJ/yr,2010,0.5521596797
MESSAGEix-GLOBIOM_1.0,NPi_v3,World,Solar,EJ/yr,2010,0.2479116393
MESSAGEix-GLOBIOM_1.0,NPi_v3,R5ASIA,Solar,EJ/yr,2010,0.005393576207
MESSAGEix-GLOBIOM_1.0,NPi_v3,R5MAF,Solar,EJ/yr,2010,0.01043185464
MESSAGEix-GLOBIOM_1.0,NPi_v3,R5LAM,Solar,EJ/yr,2010,0.0006623399323
MESSAGEix-GLOBIOM_1.0,NPi_v3,R5REF,Solar,EJ/yr,2010,0
MESSAGEix-GLOBIOM_1.0,NPi_v3,R5OECD90+EU,Solar,EJ/yr,2010,0.2314238686
MESSAGEix-GLOBIOM_1.0,NPi_v3,World,Wind,EJ/yr,2010,1.656163047
MESSAGEix-GLOBIOM_1.0,NPi_v3,R5ASIA,Wind,EJ/yr,2010,0.1850615838
MESSAGEix-GLOBIOM_1.0,NPi_v3,R5MAF,Wind,EJ/yr,2010,0.03854196482
MESSAGEix-GLOBIOM_1.0,NPi_v3,R5LAM,Wind,EJ/yr,2010,0
MESSAGEix-GLOBIOM_1.0,NPi_v3,R5REF,Wind,EJ/yr,2010,0
MESSAGEix-GLOBIOM_1.0,NPi_v3,R5OECD90+EU,Wind,EJ/yr,2010,1.432559499
MESSAGEix-GLOBIOM_1.0,NPi_v3,World,Coal,EJ/yr,2020,27.42234573
MESSAGEix-GLOBIOM_1.0,NPi_v3,R5ASIA,Coal,EJ/yr,2020,16.52101202
MESSAGEix-GLOBIOM_1.0,NPi_v3,R5MAF,Coal,EJ/yr,2020,1.319853123
MESSAGEix-GLOBIOM_1.0,NPi_v3,R5LAM,Coal,EJ/yr,2020,0.2121587572
MESSAGEix-GLOBIOM_1.0,NPi_v3,R5REF,Coal,EJ/yr,2020,0.8904832486
MESSAGEix-GLOBIOM_1.0,NPi_v3,R5OECD90+EU,Coal,EJ/yr,2020,8.478838583
MESSAGEix-GLOBIOM_1.0,NPi_v3,World,Gas,EJ/yr,2020,32.12260647
MESSAGEix-GLOBIOM_1.0,NPi_v3,R5ASIA,Gas,EJ/yr,2020,7.380619431
MESSAGEix-GLOBIOM_1.0,NPi_v3,R5MAF,Gas,EJ/yr,2020,4.980538064
MESSAGEix-GLOBIOM_1.0,NPi_v3,R5LAM,Gas,EJ/yr,2020,2.558863877
MESSAGEix-GLOBIOM_1.0,NPi_v3,R5REF,Gas,EJ/yr,2020,3.431331431
MESSAGEix-GLOBIOM_1.0,NPi_v3,R5OECD90+EU,Gas,EJ/yr,2020,13.77125367
MESSAGEix-GLOBIOM_1.0,NPi_v3,World,Geothermal,EJ/yr,2020,0.2392423393
MESSAGEix-GLOBIOM_1.0,NPi_v3,R5ASIA,Geothermal,EJ/yr,2020,0.09174714939
MESSAGEix-GLOBIOM_1.0,NPi_v3,R5MAF,Geothermal,EJ/yr,2020,0.003516869257
MESSAGEix-GLOBIOM_1.0,NPi_v3,R5LAM,Geothermal,EJ/yr,2020,0.02752367113
MESSAGEix-GLOBIOM_1.0,NPi_v3,R5REF,Geothermal,EJ/yr,2020,0.0007760929356
MESSAGEix-GLOBIOM_1.0,NPi_v3,R5OECD90+EU,Geothermal,EJ/yr,2020,0.1156785566
MESSAGEix-GLOBIOM_1.0,NPi_v3,World,Hydro,EJ/yr,2020,15.80198983
MESSAGEix-GLOBIOM_1.0,NPi_v3,R5ASIA,Hydro,EJ/yr,2020,6.044438068
MESSAGEix-GLOBIOM_1.0,NPi_v3,R5MAF,Hydro,EJ/yr,2020,0.6882028052
MESSAGEix-GLOBIOM_1.0,NPi_v3,R5LAM,Hydro,EJ/yr,2020,2.826614759
MESSAGEix-GLOBIOM_1.0,NPi_v3,R5REF,Hydro,EJ/yr,2020,0.9736896268
MESSAGEix-GLOBIOM_1.0,NPi_v3,R5OECD90+EU,Hydro,EJ/yr,2020,5.269044576
MESSAGEix-GLOBIOM_1.0,NPi_v3,World,Nuclear,EJ/yr,2020,10.67804479
MESSAGEix-GLOBIOM_1.0,NPi_v3,R5ASIA,Nuclear,EJ/yr,2020,2.532496404
MESSAGEix-GLOBIOM_1.0,NPi_v3,R5MAF,Nuclear,EJ/yr,2020,0.03958048409
MESSAGEix-GLOBIOM_1.0,NPi_v3,R5LAM,Nuclear,EJ/yr,2020,0.1001962705
MESSAGEix-GLOBIOM_1.0,NPi_v3,R5REF,Nuclear,EJ/yr,2020,0.3834357447
MESSAGEix-GLOBIOM_1.0,NPi_v3,R5OECD90+EU,Nuclear,EJ/yr,2020,7.622335891
MESSAGEix-GLOBIOM_1.0,NPi_v3,World,Oil,EJ/yr,2020,1.137887923
MESSAGEix-GLOBIOM_1.0,NPi_v3,R5ASIA,Oil,EJ/yr,2020,0.2083906778
MESSAGEix-GLOBIOM_1.0,NPi_v3,R5MAF,Oil,EJ/yr,2020,0.6928472927
MESSAGEix-GLOBIOM_1.0,NPi_v3,R5LAM,Oil,EJ/yr,2020,0.08719387317
MESSAGEix-GLOBIOM_1.0,NPi_v3,R5REF,Oil,EJ/yr,2020,0
MESSAGEix-GLOBIOM_1.0,NPi_v3,R5OECD90+EU,Oil,EJ/yr,2020,0.149456079
MESSAGEix-GLOBIOM_1.0,NPi_v3,World,Solar,EJ/yr,2020,1.505883323
MESSAGEix-GLOBIOM_1.0,NPi_v3,R5ASIA,Solar,EJ/yr,2020,0.7263031184
MESSAGEix-GLOBIOM_1.0,NPi_v3,R5MAF,Solar,EJ/yr,2020,0.009272759757
MESSAGEix-GLOBIOM_1.0,NPi_v3,R5LAM,Solar,EJ/yr,2020,0.0004415599843
MESSAGEix-GLOBIOM_1.0,NPi_v3,R5REF,Solar,EJ/yr,2020,0.009108752036
MESSAGEix-GLOBIOM_1.0,NPi_v3,R5OECD90+EU,Solar,EJ/yr,2020,0.7607571329
MESSAGEix-GLOBIOM_1.0,NPi_v3,World,Wind,EJ/yr,2020,8.933960334
MESSAGEix-GLOBIOM_1.0,NPi_v3,R5ASIA,Wind,EJ/yr,2020,2.903845603
MESSAGEix-GLOBIOM_1.0,NPi_v3,R5MAF,Wind,EJ/yr,2020,0.4307215934
MESSAGEix-GLOBIOM_1.0,NPi_v3,R5LAM,Wind,EJ/yr,2020,0.2900975191
MESSAGEix-GLOBIOM_1.0,NPi_v3,R5REF,Wind,EJ/yr,2020,0.0374695198
MESSAGEix-GLOBIOM_1.0,NPi_v3,R5OECD90+EU,Wind,EJ/yr,2020,5.271826098
MESSAGEix-GLOBIOM_1.0,NPi_v3,World,Coal,EJ/yr,2030,28.49526278
MESSAGEix-GLOBIOM_1.0,NPi_v3,R5ASIA,Coal,EJ/yr,2030,21.04519379
MESSAGEix-GLOBIOM_1.0,NPi_v3,R5MAF,Coal,EJ/yr,2030,0.7866691404
MESSAGEix-GLOBIOM_1.0,NPi_v3,R5LAM,Coal,EJ/yr,2030,0.06469673621
MESSAGEix-GLOBIOM_1.0,NPi_v3,R5REF,Coal,EJ/yr,2030,0.8877206348
MESSAGEix-GLOBIOM_1.0,NPi_v3,R5OECD90+EU,Coal,EJ/yr,2030,5.710982479
MESSAGEix-GLOBIOM_1.0,NPi_v3,World,Gas,EJ/yr,2030,44.38095406
MESSAGEix-GLOBIOM_1.0,NPi_v3,R5ASIA,Gas,EJ/yr,2030,10.53864315
MESSAGEix-GLOBIOM_1.0,NPi_v3,R5MAF,Gas,EJ/yr,2030,8.705347983
MESSAGEix-GLOBIOM_1.0,NPi_v3,R5LAM,Gas,EJ/yr,2030,3.77385206
MESSAGEix-GLOBIOM_1.0,NPi_v3,R5REF,Gas,EJ/yr,2030,3.623318339
MESSAGEix-GLOBIOM_1.0,NPi_v3,R5OECD90+EU,Gas,EJ/yr,2030,17.73979253
MESSAGEix-GLOBIOM_1.0,NPi_v3,World,Geothermal,EJ/yr,2030,0.1434235202
MESSAGEix-GLOBIOM_1.0,NPi_v3,R5ASIA,Geothermal,EJ/yr,2030,0.05495833608
MESSAGEix-GLOBIOM_1.0,NPi_v3,R5MAF,Geothermal,EJ/yr,2030,0.001984315451
MESSAGEix-GLOBIOM_1.0,NPi_v3,R5LAM,Geothermal,EJ/yr,2030,0.0164747652
MESSAGEix-GLOBIOM_1.0,NPi_v3,R5REF,Geothermal,EJ/yr,2030,0.0004835958124
MESSAGEix-GLOBIOM_1.0,NPi_v3,R5OECD90+EU,Geothermal,EJ/yr,2030,0.06952250763
MESSAGEix-GLOBIOM_1.0,NPi_v3,World,Hydro,EJ/yr,2030,17.49680746
MESSAGEix-GLOBIOM_1.0,NPi_v3,R5ASIA,Hydro,EJ/yr,2030,7.29075691
MESSAGEix-GLOBIOM_1.0,NPi_v3,R5MAF,Hydro,EJ/yr,2030,0.8676654016
MESSAGEix-GLOBIOM_1.0,NPi_v3,R5LAM,Hydro,EJ/yr,2030,3.091866146
MESSAGEix-GLOBIOM_1.0,NPi_v3,R5REF,Hydro,EJ/yr,2030,0.9736896268
MESSAGEix-GLOBIOM_1.0,NPi_v3,R5OECD90+EU,Hydro,EJ/yr,2030,5.272829374
MESSAGEix-GLOBIOM_1.0,NPi_v3,World,Nuclear,EJ/yr,2030,11.2583643
MESSAGEix-GLOBIOM_1.0,NPi_v3,R5ASIA,Nuclear,EJ/yr,2030,2.240851687
MESSAGEix-GLOBIOM_1.0,NPi_v3,R5MAF,Nuclear,EJ/yr,2030,0
MESSAGEix-GLOBIOM_1.0,NPi_v3,R5LAM,Nuclear,EJ/yr,2030,0.05397801336
MESSAGEix-GLOBIOM_1.0,NPi_v3,R5REF,Nuclear,EJ/yr,2030,0.8817731689
MESSAGEix-GLOBIOM_1.0,NPi_v3,R5OECD90+EU,Nuclear,EJ/yr,2030,8.081761427
MESSAGEix-GLOBIOM_1.0,NPi_v3,World,Oil,EJ/yr,2030,0.6520645731
MESSAGEix-GLOBIOM_1.0,NPi_v3,R5ASIA,Oil,EJ/yr,2030,0.1139095
MESSAGEix-GLOBIOM_1.0,NPi_v3,R5MAF,Oil,EJ/yr,2030,0.4138571465
MESSAGEix-GLOBIOM_1.0,NPi_v3,R5LAM,Oil,EJ/yr,2030,0.05218393606
MESSAGEix-GLOBIOM_1.0,NPi_v3,R5REF,Oil,EJ/yr,2030,0
MESSAGEix-GLOBIOM_1.0,NPi_v3,R5OECD90+EU,Oil,EJ/yr,2030,0.07211399045
MESSAGEix-GLOBIOM_1.0,NPi_v3,World,Solar,EJ/yr,2030,1.645022036
MESSAGEix-GLOBIOM_1.0,NPi_v3,R5ASIA,Solar,EJ/yr,2030,0.8185891601
MESSAGEix-GLOBIOM_1.0,NPi_v3,R5MAF,Solar,EJ/yr,2030,0.05986292124
MESSAGEix-GLOBIOM_1.0,NPi_v3,R5LAM,Solar,EJ/yr,2030,0.0004415599843
MESSAGEix-GLOBIOM_1.0,NPi_v3,R5REF,Solar,EJ/yr,2030,0.009108752036
MESSAGEix-GLOBIOM_1.0,NPi_v3,R5OECD90+EU,Solar,EJ/yr,2030,0.7570196426
MESSAGEix-GLOBIOM_1.0,NPi_v3,World,Wind,EJ/yr,2030,14.17207671
MESSAGEix-GLOBIOM_1.0,NPi_v3,R5ASIA,Wind,EJ/yr,2030,6.132799761
MESSAGEix-GLOBIOM_1.0,NPi_v3,R5MAF,Wind,EJ/yr,2030,0.8007005627
MESSAGEix-GLOBIOM_1.0,NPi_v3,R5LAM,Wind,EJ/yr,2030,0.701299439
MESSAGEix-GLOBIOM_1.0,NPi_v3,R5REF,Wind,EJ/yr,2030,0.1444567854
MESSAGEix-GLOBIOM_1.0,NPi_v3,R5OECD90+EU,Wind,EJ/yr,2030,6.392820158
MESSAGEix-GLOBIOM_1.0,NPi_v3,World,Coal,EJ/yr,2040,23.23201614
MESSAGEix-GLOBIOM_1.0,NPi_v3,R5ASIA,Coal,EJ/yr,2040,20.8754392
MESSAGEix-GLOBIOM_1.0,NPi_v3,R5MAF,Coal,EJ/yr,2040,0.7184852981
MESSAGEix-GLOBIOM_1.0,NPi_v3,R5LAM,Coal,EJ/yr,2040,0.02350951681
MESSAGEix-GLOBIOM_1.0,NPi_v3,R5REF,Coal,EJ/yr,2040,0.4830988252
MESSAGEix-GLOBIOM_1.0,NPi_v3,R5OECD90+EU,Coal,EJ/yr,2040,1.131483299
MESSAGEix-GLOBIOM_1.0,NPi_v3,World,Gas,EJ/yr,2040,63.75898673
MESSAGEix-GLOBIOM_1.0,NPi_v3,R5ASIA,Gas,EJ/yr,2040,16.64287525
MESSAGEix-GLOBIOM_1.0,NPi_v3,R5MAF,Gas,EJ/yr,2040,13.2546218
MESSAGEix-GLOBIOM_1.0,NPi_v3,R5LAM,Gas,EJ/yr,2040,4.791369115
MESSAGEix-GLOBIOM_1.0,NPi_v3,R5REF,Gas,EJ/yr,2040,4.94729473
MESSAGEix-GLOBIOM_1.0,NPi_v3,R5OECD90+EU,Gas,EJ/yr,2040,24.12282584
MESSAGEix-GLOBIOM_1.0,NPi_v3,World,Geothermal,EJ/yr,2040,0.08578755347
MESSAGEix-GLOBIOM_1.0,NPi_v3,R5ASIA,Geothermal,EJ/yr,2040,0.03271206276
MESSAGEix-GLOBIOM_1.0,NPi_v3,R5MAF,Geothermal,EJ/yr,2040,0.001188083032
MESSAGEix-GLOBIOM_1.0,NPi_v3,R5LAM,Geothermal,EJ/yr,2040,0.009864439754
MESSAGEix-GLOBIOM_1.0,NPi_v3,R5REF,Geothermal,EJ/yr,2040,0.0002998088971
MESSAGEix-GLOBIOM_1.0,NPi_v3,R5OECD90+EU,Geothermal,EJ/yr,2040,0.04172315903
MESSAGEix-GLOBIOM_1.0,NPi_v3,World,Hydro,EJ/yr,2040,18.65684907
MESSAGEix-GLOBIOM_1.0,NPi_v3,R5ASIA,Hydro,EJ/yr,2040,8.141867813
MESSAGEix-GLOBIOM_1.0,NPi_v3,R5MAF,Hydro,EJ/yr,2040,1.011487799
MESSAGEix-GLOBIOM_1.0,NPi_v3,R5LAM,Hydro,EJ/yr,2040,3.255874163
MESSAGEix-GLOBIOM_1.0,NPi_v3,R5REF,Hydro,EJ/yr,2040,0.9736896343
MESSAGEix-GLOBIOM_1.0,NPi_v3,R5OECD90+EU,Hydro,EJ/yr,2040,5.273929659
MESSAGEix-GLOBIOM_1.0,NPi_v3,World,Nuclear,EJ/yr,2040,8.931411292
MESSAGEix-GLOBIOM_1.0,NPi_v3,R5ASIA,Nuclear,EJ/yr,2040,2.045562864
MESSAGEix-GLOBIOM_1.0,NPi_v3,R5MAF,Nuclear,EJ/yr,2040,0
MESSAGEix-GLOBIOM_1.0,NPi_v3,R5LAM,Nuclear,EJ/yr,2040,0.03043497477
MESSAGEix-GLOBIOM_1.0,NPi_v3,R5REF,Nuclear,EJ/yr,2040,0.2280025756
MESSAGEix-GLOBIOM_1.0,NPi_v3,R5OECD90+EU,Nuclear,EJ/yr,2040,6.627410878
MESSAGEix-GLOBIOM_1.0,NPi_v3,World,Oil,EJ/yr,2040,0.2831138175
MESSAGEix-GLOBIOM_1.0,NPi_v3,R5ASIA,Oil,EJ/yr,2040,0.01697809262
MESSAGEix-GLOBIOM_1.0,NPi_v3,R5MAF,Oil,EJ/yr,2040,0.2313114236
MESSAGEix-GLOBIOM_1.0,NPi_v3,R5LAM,Oil,EJ/yr,2040,0.01819648234
MESSAGEix-GLOBIOM_1.0,NPi_v3,R5REF,Oil,EJ/yr,2040,0
MESSAGEix-GLOBIOM_1.0,NPi_v3,R5OECD90+EU,Oil,EJ/yr,2040,0.01662781901
MESSAGEix-GLOBIOM_1.0,NPi_v3,World,Solar,EJ/yr,2040,2.47778861
MESSAGEix-GLOBIOM_1.0,NPi_v3,R5ASIA,Solar,EJ/yr,2040,1.405932426
MESSAGEix-GLOBIOM_1.0,NPi_v3,R5MAF,Solar,EJ/yr,2040,0.3034712894
MESSAGEix-GLOBIOM_1.0,NPi_v3,R5LAM,Solar,EJ/yr,2040,0.0002207799921
MESSAGEix-GLOBIOM_1.0,NPi_v3,R5REF,Solar,EJ/yr,2040,0.009108752036
MESSAGEix-GLOBIOM_1.0,NPi_v3,R5OECD90+EU,Solar,EJ/yr,2040,0.7590553631
MESSAGEix-GLOBIOM_1.0,NPi_v3,World,Wind,EJ/yr,2040,21.52050398
MESSAGEix-GLOBIOM_1.0,NPi_v3,R5ASIA,Wind,EJ/yr,2040,9.46516327
MESSAGEix-GLOBIOM_1.0,NPi_v3,R5MAF,Wind,EJ/yr,2040,1.642031541
MESSAGEix-GLOBIOM_1.0,NPi_v3,R5LAM,Wind,EJ/yr,2040,1.492649835
MESSAGEix-GLOBIOM_1.0,NPi_v3,R5REF,Wind,EJ/yr,2040,0.3515136086
MESSAGEix-GLOBIOM_1.0,NPi_v3,R5OECD90+EU,Wind,EJ/yr,2040,8.569145726
MESSAGEix-GLOBIOM_1.0,NPi_v3,World,Coal,EJ/yr,2050,22.80660113
MESSAGEix-GLOBIOM_1.0,NPi_v3,R5ASIA,Coal,EJ/yr,2050,20.53245666
MESSAGEix-GLOBIOM_1.0,NPi_v3,R5MAF,Coal,EJ/yr,2050,1.817922464
MESSAGEix-GLOBIOM_1.0,NPi_v3,R5LAM,Coal,EJ/yr,2050,0.009731161812
MESSAGEix-GLOBIOM_1.0,NPi_v3,R5REF,Coal,EJ/yr,2050,0.1051545173
MESSAGEix-GLOBIOM_1.0,NPi_v3,R5OECD90+EU,Coal,EJ/yr,2050,0.3413363278
MESSAGEix-GLOBIOM_1.0,NPi_v3,World,Gas,EJ/yr,2050,83.9498043
MESSAGEix-GLOBIOM_1.0,NPi_v3,R5ASIA,Gas,EJ/yr,2050,21.80355408
MESSAGEix-GLOBIOM_1.0,NPi_v3,R5MAF,Gas,EJ/yr,2050,18.2770781
MESSAGEix-GLOBIOM_1.0,NPi_v3,R5LAM,Gas,EJ/yr,2050,6.182753622
MESSAGEix-GLOBIOM_1.0,NPi_v3,R5REF,Gas,EJ/yr,2050,5.590670489
MESSAGEix-GLOBIOM_1.0,NPi_v3,R5OECD90+EU,Gas,EJ/yr,2050,32.09574801
MESSAGEix-GLOBIOM_1.0,NPi_v3,World,Geothermal,EJ/yr,2050,0.05326540859
MESSAGEix-GLOBIOM_1.0,NPi_v3,R5ASIA,Geothermal,EJ/yr,2050,0.01938906919
MESSAGEix-GLOBIOM_1.0,NPi_v3,R5MAF,Geothermal,EJ/yr,2050,0.0007142563021
MESSAGEix-GLOBIOM_1.0,NPi_v3,R5LAM,Geothermal,EJ/yr,2050,0.005906462366
MESSAGEix-GLOBIOM_1.0,NPi_v3,R5REF,Geothermal,EJ/yr,2050,0.0001823971134
MESSAGEix-GLOBIOM_1.0,NPi_v3,R5OECD90+EU,Geothermal,EJ/yr,2050,0.02707322361
MESSAGEix-GLOBIOM_1.0,NPi_v3,World,Hydro,EJ/yr,2050,20.5440293
MESSAGEix-GLOBIOM_1.0,NPi_v3,R5ASIA,Hydro,EJ/yr,2050,9.83097683
MESSAGEix-GLOBIOM_1.0,NPi_v3,R5MAF,Hydro,EJ/yr,2050,1.112415798
MESSAGEix-GLOBIOM_1.0,NPi_v3,R5LAM,Hydro,EJ/yr,2050,3.351124955
MESSAGEix-GLOBIOM_1.0,NPi_v3,R5REF,Hydro,EJ/yr,2050,0.9736896418
MESSAGEix-GLOBIOM_1.0,NPi_v3,R5OECD90+EU,Hydro,EJ/yr,2050,5.275822076
MESSAGEix-GLOBIOM_1.0,NPi_v3,World,Nuclear,EJ/yr,2050,4.168003777
MESSAGEix-GLOBIOM_1.0,NPi_v3,R5ASIA,Nuclear,EJ/yr,2050,1.838109462
MESSAGEix-GLOBIOM_1.0,NPi_v3,R5MAF,Nuclear,EJ/yr,2050,0
MESSAGEix-GLOBIOM_1.0,NPi_v3,R5LAM,Nuclear,EJ/yr,2050,0
MESSAGEix-GLOBIOM_1.0,NPi_v3,R5REF,Nuclear,EJ/yr,2050,0.2127467675
MESSAGEix-GLOBIOM_1.0,NPi_v3,R5OECD90+EU,Nuclear,EJ/yr,2050,2.117147548
MESSAGEix-GLOBIOM_1.0,NPi_v3,World,Oil,EJ/yr,2050,0.09750676882
MESSAGEix-GLOBIOM_1.0,NPi_v3,R5ASIA,Oil,EJ/yr,2050,0.005838524446
MESSAGEix-GLOBIOM_1.0,NPi_v3,R5MAF,Oil,EJ/yr,2050,0.0795180086
MESSAGEix-GLOBIOM_1.0,NPi_v3,R5LAM,Oil,EJ/yr,2050,0.006345128226
MESSAGEix-GLOBIOM_1.0,NPi_v3,R5REF,Oil,EJ/yr,2050,0
MESSAGEix-GLOBIOM_1.0,NPi_v3,R5OECD90+EU,Oil,EJ/yr,2050,0.005805107551
MESSAGEix-GLOBIOM_1.0,NPi_v3,World,Solar,EJ/yr,2050,4.00292556
MESSAGEix-GLOBIOM_1.0,NPi_v3,R5ASIA,Solar,EJ/yr,2050,2.379179094
MESSAGEix-GLOBIOM_1.0,NPi_v3,R5MAF,Solar,EJ/yr,2050,0.8494883752
MESSAGEix-GLOBIOM_1.0,NPi_v3,R5LAM,Solar,EJ/yr,2050,0.2147846695
MESSAGEix-GLOBIOM_1.0,NPi_v3,R5REF,Solar,EJ/yr,2050,0.009108752036
MESSAGEix-GLOBIOM_1.0,NPi_v3,R5OECD90+EU,Solar,EJ/yr,2050,0.5503646692
MESSAGEix-GLOBIOM_1.0,NPi_v3,World,Wind,EJ/yr,2050,28.04972472
MESSAGEix-GLOBIOM_1.0,NPi_v3,R5ASIA,Wind,EJ/yr,2050,12.50971332
MESSAGEix-GLOBIOM_1.0,NPi_v3,R5MAF,Wind,EJ/yr,2050,4.117503316
MESSAGEix-GLOBIOM_1.0,NPi_v3,R5LAM,Wind,EJ/yr,2050,2.457301548
MESSAGEix-GLOBIOM_1.0,NPi_v3,R5REF,Wind,EJ/yr,2050,0.6573290283
MESSAGEix-GLOBIOM_1.0,NPi_v3,R5OECD90+EU,Wind,EJ/yr,2050,8.30787751
MESSAGEix-GLOBIOM_1.0,NPi_v3,World,Coal,EJ/yr,2060,30.42561704
MESSAGEix-GLOBIOM_1.0,NPi_v3,R5ASIA,Coal,EJ/yr,2060,25.05312284
MESSAGEix-GLOBIOM_1.0,NPi_v3,R5MAF,Coal,EJ/yr,2060,4.602319136
MESSAGEix-GLOBIOM_1.0,NPi_v3,R5LAM,Coal,EJ/yr,2060,0.002409809965
MESSAGEix-GLOBIOM_1.0,NPi_v3,R5REF,Coal,EJ/yr,2060,0.1411386088
MESSAGEix-GLOBIOM_1.0,NPi_v3,R5OECD90+EU,Coal,EJ/yr,2060,0.6266266442
MESSAGEix-GLOBIOM_1.0,NPi_v3,World,Gas,EJ/yr,2060,103.6934228
MESSAGEix-GLOBIOM_1.0,NPi_v3,R5ASIA,Gas,EJ/yr,2060,27.58452293
MESSAGEix-GLOBIOM_1.0,NPi_v3,R5MAF,Gas,EJ/yr,2060,23.92443706
MESSAGEix-GLOBIOM_1.0,NPi_v3,R5LAM,Gas,EJ/yr,2060,10.11494413
MESSAGEix-GLOBIOM_1.0,NPi_v3,R5REF,Gas,EJ/yr,2060,5.68541978
MESSAGEix-GLOBIOM_1.0,NPi_v3,R5OECD90+EU,Gas,EJ/yr,2060,36.38409891
MESSAGEix-GLOBIOM_1.0,NPi_v3,World,Geothermal,EJ/yr,2060,0.04685805206
MESSAGEix-GLOBIOM_1.0,NPi_v3,R5ASIA,Geothermal,EJ/yr,2060,0.01917405312
MESSAGEix-GLOBIOM_1.0,NPi_v3,R5MAF,Geothermal,EJ/yr,2060,0.0007290462158
MESSAGEix-GLOBIOM_1.0,NPi_v3,R5LAM,Geothermal,EJ/yr,2060,0.003527253413
MESSAGEix-GLOBIOM_1.0,NPi_v3,R5REF,Geothermal,EJ/yr,2060,0.000109207887
MESSAGEix-GLOBIOM_1.0,NPi_v3,R5OECD90+EU,Geothermal,EJ/yr,2060,0.02331849143
MESSAGEix-GLOBIOM_1.0,NPi_v3,World,Hydro,EJ/yr,2060,21.44130139
MESSAGEix-GLOBIOM_1.0,NPi_v3,R5ASIA,Hydro,EJ/yr,2060,10.56468876
MESSAGEix-GLOBIOM_1.0,NPi_v3,R5MAF,Hydro,EJ/yr,2060,1.221411731
MESSAGEix-GLOBIOM_1.0,NPi_v3,R5LAM,Hydro,EJ/yr,2060,3.404742979
MESSAGEix-GLOBIOM_1.0,NPi_v3,R5REF,Hydro,EJ/yr,2060,0.9736896418
MESSAGEix-GLOBIOM_1.0,NPi_v3,R5OECD90+EU,Hydro,EJ/yr,2060,5.276768275
MESSAGEix-GLOBIOM_1.0,NPi_v3,World,Nuclear,EJ/yr,2060,2.393243186
MESSAGEix-GLOBIOM_1.0,NPi_v3,R5ASIA,Nuclear,EJ/yr,2060,1.65619035
MESSAGEix-GLOBIOM_1.0,NPi_v3,R5MAF,Nuclear,EJ/yr,2060,0
MESSAGEix-GLOBIOM_1.0,NPi_v3,R5LAM,Nuclear,EJ/yr,2060,0
MESSAGEix-GLOBIOM_1.0,NPi_v3,R5REF,Nuclear,EJ/yr,2060,0.1683920671
MESSAGEix-GLOBIOM_1.0,NPi_v3,R5OECD90+EU,Nuclear,EJ/yr,2060,0.5686607695
MESSAGEix-GLOBIOM_1.0,NPi_v3,World,Oil,EJ/yr,2060,0.02519270723
MESSAGEix-GLOBIOM_1.0,NPi_v3,R5ASIA,Oil,EJ/yr,2060,0.000005618748521
MESSAGEix-GLOBIOM_1.0,NPi_v3,R5MAF,Oil,EJ/yr,2060,0.02517523993
MESSAGEix-GLOBIOM_1.0,NPi_v3,R5LAM,Oil,EJ/yr,2060,0.000006172346397
MESSAGEix-GLOBIOM_1.0,NPi_v3,R5REF,Oil,EJ/yr,2060,0
MESSAGEix-GLOBIOM_1.0,NPi_v3,R5OECD90+EU,Oil,EJ/yr,2060,0.000005676209767
MESSAGEix-GLOBIOM_1.0,NPi_v3,World,Solar,EJ/yr,2060,9.831214068
MESSAGEix-GLOBIOM_1.0,NPi_v3,R5ASIA,Solar,EJ/yr,2060,5.129637902
MESSAGEix-GLOBIOM_1.0,NPi_v3,R5MAF,Solar,EJ/yr,2060,1.829975792
MESSAGEix-GLOBIOM_1.0,NPi_v3,R5LAM,Solar,EJ/yr,2060,0.9978134401
MESSAGEix-GLOBIOM_1.0,NPi_v3,R5REF,Solar,EJ/yr,2060,0.04349012223
MESSAGEix-GLOBIOM_1.0,NPi_v3,R5OECD90+EU,Solar,EJ/yr,2060,1.830296811
MESSAGEix-GLOBIOM_1.0,NPi_v3,World,Wind,EJ/yr,2060,40.38393108
MESSAGEix-GLOBIOM_1.0,NPi_v3,R5ASIA,Wind,EJ/yr,2060,14.93834484
MESSAGEix-GLOBIOM_1.0,NPi_v3,R5MAF,Wind,EJ/yr,2060,7.413243699
MESSAGEix-GLOBIOM_1.0,NPi_v3,R5LAM,Wind,EJ/yr,2060,3.865729534
MESSAGEix-GLOBIOM_1.0,NPi_v3,R5REF,Wind,EJ/yr,2060,1.046277309
MESSAGEix-GLOBIOM_1.0,NPi_v3,R5OECD90+EU,Wind,EJ/yr,2060,13.1203357
MESSAGEix-GLOBIOM_1.0,NPi_v3,World,Coal,EJ/yr,2070,40.76884499
MESSAGEix-GLOBIOM_1.0,NPi_v3,R5ASIA,Coal,EJ/yr,2070,33.22525709
MESSAGEix-GLOBIOM_1.0,NPi_v3,R5MAF,Coal,EJ/yr,2070,6.023022407
MESSAGEix-GLOBIOM_1.0,NPi_v3,R5LAM,Coal,EJ/yr,2070,0
MESSAGEix-GLOBIOM_1.0,NPi_v3,R5REF,Coal,EJ/yr,2070,0.1559062307
MESSAGEix-GLOBIOM_1.0,NPi_v3,R5OECD90+EU,Coal,EJ/yr,2070,1.36465926
MESSAGEix-GLOBIOM_1.0,NPi_v3,World,Gas,EJ/yr,2070,113.481155
MESSAGEix-GLOBIOM_1.0,NPi_v3,R5ASIA,Gas,EJ/yr,2070,25.94219899
MESSAGEix-GLOBIOM_1.0,NPi_v3,R5MAF,Gas,EJ/yr,2070,28.17688912
MESSAGEix-GLOBIOM_1.0,NPi_v3,R5LAM,Gas,EJ/yr,2070,10.14842563
MESSAGEix-GLOBIOM_1.0,NPi_v3,R5REF,Gas,EJ/yr,2070,7.384828347
MESSAGEix-GLOBIOM_1.0,NPi_v3,R5OECD90+EU,Gas,EJ/yr,2070,41.8288129
MESSAGEix-GLOBIOM_1.0,NPi_v3,World,Geothermal,EJ/yr,2070,0.03053584121
MESSAGEix-GLOBIOM_1.0,NPi_v3,R5ASIA,Geothermal,EJ/yr,2070,0.01396827025
MESSAGEix-GLOBIOM_1.0,NPi_v3,R5MAF,Geothermal,EJ/yr,2070,0.0004385238362
MESSAGEix-GLOBIOM_1.0,NPi_v3,R5LAM,Geothermal,EJ/yr,2070,0.002096735929
MESSAGEix-GLOBIOM_1.0,NPi_v3,R5REF,Geothermal,EJ/yr,2070,0.00006489951889
MESSAGEix-GLOBIOM_1.0,NPi_v3,R5OECD90+EU,Geothermal,EJ/yr,2070,0.01396741167
MESSAGEix-GLOBIOM_1.0,NPi_v3,World,Hydro,EJ/yr,2070,22.71620419
MESSAGEix-GLOBIOM_1.0,NPi_v3,R5ASIA,Hydro,EJ/yr,2070,11.50624534
MESSAGEix-GLOBIOM_1.0,NPi_v3,R5MAF,Hydro,EJ/yr,2070,1.524794979
MESSAGEix-GLOBIOM_1.0,NPi_v3,R5LAM,Hydro,EJ/yr,2070,3.434390581
MESSAGEix-GLOBIOM_1.0,NPi_v3,R5REF,Hydro,EJ/yr,2070,0.9736896395
MESSAGEix-GLOBIOM_1.0,NPi_v3,R5OECD90+EU,Hydro,EJ/yr,2070,5.277083655
MESSAGEix-GLOBIOM_1.0,NPi_v3,World,Nuclear,EJ/yr,2070,2.933642119
MESSAGEix-GLOBIOM_1.0,NPi_v3,R5ASIA,Nuclear,EJ/yr,2070,2.027422122
MESSAGEix-GLOBIOM_1.0,NPi_v3,R5MAF,Nuclear,EJ/yr,2070,0
MESSAGEix-GLOBIOM_1.0,NPi_v3,R5LAM,Nuclear,EJ/yr,2070,0
MESSAGEix-GLOBIOM_1.0,NPi_v3,R5REF,Nuclear,EJ/yr,2070,0.1671371736
MESSAGEix-GLOBIOM_1.0,NPi_v3,R5OECD90+EU,Nuclear,EJ/yr,2070,0.739082824
MESSAGEix-GLOBIOM_1.0,NPi_v3,World,Oil,EJ/yr,2070,0.00002433818195
MESSAGEix-GLOBIOM_1.0,NPi_v3,R5ASIA,Oil,EJ/yr,2070,0
MESSAGEix-GLOBIOM_1.0,NPi_v3,R5MAF,Oil,EJ/yr,2070,0.00002433818195
MESSAGEix-GLOBIOM_1.0,NPi_v3,R5LAM,Oil,EJ/yr,2070,0
MESSAGEix-GLOBIOM_1.0,NPi_v3,R5REF,Oil,EJ/yr,2070,0
MESSAGEix-GLOBIOM_1.0,NPi_v3,R5OECD90+EU,Oil,EJ/yr,2070,0
MESSAGEix-GLOBIOM_1.0,NPi_v3,World,Solar,EJ/yr,2070,17.75613171
MESSAGEix-GLOBIOM_1.0,NPi_v3,R5ASIA,Solar,EJ/yr,2070,7.668694717
MESSAGEix-GLOBIOM_1.0,NPi_v3,R5MAF,Solar,EJ/yr,2070,3.407098894
MESSAGEix-GLOBIOM_1.0,NPi_v3,R5LAM,Solar,EJ/yr,2070,2.836607139
MESSAGEix-GLOBIOM_1.0,NPi_v3,R5REF,Solar,EJ/yr,2070,0.1371808914
MESSAGEix-GLOBIOM_1.0,NPi_v3,R5OECD90+EU,Solar,EJ/yr,2070,3.706550068
MESSAGEix-GLOBIOM_1.0,NPi_v3,World,Wind,EJ/yr,2070,53.68458337
MESSAGEix-GLOBIOM_1.0,NPi_v3,R5ASIA,Wind,EJ/yr,2070,17.28005563
MESSAGEix-GLOBIOM_1.0,NPi_v3,R5MAF,Wind,EJ/yr,2070,12.99584263
MESSAGEix-GLOBIOM_1.0,NPi_v3,R5LAM,Wind,EJ/yr,2070,5.58259528
MESSAGEix-GLOBIOM_1.0,NPi_v3,R5REF,Wind,EJ/yr,2070,1.540609454
MESSAGEix-GLOBIOM_1.0,NPi_v3,R5OECD90+EU,Wind,EJ/yr,2070,16.28548038
MESSAGEix-GLOBIOM_1.0,NPi_v3,World,Coal,EJ/yr,2080,46.97767694
MESSAGEix-GLOBIOM_1.0,NPi_v3,R5ASIA,Coal,EJ/yr,2080,33.57172718
MESSAGEix-GLOBIOM_1.0,NPi_v3,R5MAF,Coal,EJ/yr,2080,9.957795902
MESSAGEix-GLOBIOM_1.0,NPi_v3,R5LAM,Coal,EJ/yr,2080,0
MESSAGEix-GLOBIOM_1.0,NPi_v3,R5REF,Coal,EJ/yr,2080,0.1571481108
MESSAGEix-GLOBIOM_1.0,NPi_v3,R5OECD90+EU,Coal,EJ/yr,2080,3.291005748
MESSAGEix-GLOBIOM_1.0,NPi_v3,World,Gas,EJ/yr,2080,117.5039878
MESSAGEix-GLOBIOM_1.0,NPi_v3,R5ASIA,Gas,EJ/yr,2080,27.58670942
MESSAGEix-GLOBIOM_1.0,NPi_v3,R5MAF,Gas,EJ/yr,2080,32.98125368
MESSAGEix-GLOBIOM_1.0,NPi_v3,R5LAM,Gas,EJ/yr,2080,11.73789339
MESSAGEix-GLOBIOM_1.0,NPi_v3,R5REF,Gas,EJ/yr,2080,7.248223402
MESSAGEix-GLOBIOM_1.0,NPi_v3,R5OECD90+EU,Gas,EJ/yr,2080,37.9499079
MESSAGEix-GLOBIOM_1.0,NPi_v3,World,Geothermal,EJ/yr,2080,0.02216676528
MESSAGEix-GLOBIOM_1.0,NPi_v3,R5ASIA,Geothermal,EJ/yr,2080,0.008405359
MESSAGEix-GLOBIOM_1.0,NPi_v3,R5MAF,Geothermal,EJ/yr,2080,0.0002621494792
MESSAGEix-GLOBIOM_1.0,NPi_v3,R5LAM,Geothermal,EJ/yr,2080,0.002079804757
MESSAGEix-GLOBIOM_1.0,NPi_v3,R5REF,Geothermal,EJ/yr,2080,0.0000648805594
MESSAGEix-GLOBIOM_1.0,NPi_v3,R5OECD90+EU,Geothermal,EJ/yr,2080,0.01135457148
MESSAGEix-GLOBIOM_1.0,NPi_v3,World,Hydro,EJ/yr,2080,23.98020666
MESSAGEix-GLOBIOM_1.0,NPi_v3,R5ASIA,Hydro,EJ/yr,2080,12.15993147
MESSAGEix-GLOBIOM_1.0,NPi_v3,R5MAF,Hydro,EJ/yr,2080,2.016841053
MESSAGEix-GLOBIOM_1.0,NPi_v3,R5LAM,Hydro,EJ/yr,2080,3.450475988
MESSAGEix-GLOBIOM_1.0,NPi_v3,R5REF,Hydro,EJ/yr,2080,1.075559115
MESSAGEix-GLOBIOM_1.0,NPi_v3,R5OECD90+EU,Hydro,EJ/yr,2080,5.277399032
MESSAGEix-GLOBIOM_1.0,NPi_v3,World,Nuclear,EJ/yr,2080,5.608931715
MESSAGEix-GLOBIOM_1.0,NPi_v3,R5ASIA,Nuclear,EJ/yr,2080,3.164701643
MESSAGEix-GLOBIOM_1.0,NPi_v3,R5MAF,Nuclear,EJ/yr,2080,0
MESSAGEix-GLOBIOM_1.0,NPi_v3,R5LAM,Nuclear,EJ/yr,2080,0
MESSAGEix-GLOBIOM_1.0,NPi_v3,R5REF,Nuclear,EJ/yr,2080,0.1670883468
MESSAGEix-GLOBIOM_1.0,NPi_v3,R5OECD90+EU,Nuclear,EJ/yr,2080,2.277141726
MESSAGEix-GLOBIOM_1.0,NPi_v3,World,Oil,EJ/yr,2080,0
MESSAGEix-GLOBIOM_1.0,NPi_v3,R5ASIA,Oil,EJ/yr,2080,0
MESSAGEix-GLOBIOM_1.0,NPi_v3,R5MAF,Oil,EJ/yr,2080,0
MESSAGEix-GLOBIOM_1.0,NPi_v3,R5LAM,Oil,EJ/yr,2080,0
MESSAGEix-GLOBIOM_1.0,NPi_v3,R5REF,Oil,EJ/yr,2080,0
MESSAGEix-GLOBIOM_1.0,NPi_v3,R5OECD90+EU,Oil,EJ/yr,2080,0
MESSAGEix-GLOBIOM_1.0,NPi_v3,World,Solar,EJ/yr,2080,26.11966624
MESSAGEix-GLOBIOM_1.0,NPi_v3,R5ASIA,Solar,EJ/yr,2080,9.556459256
MESSAGEix-GLOBIOM_1.0,NPi_v3,R5MAF,Solar,EJ/yr,2080,5.97416316
MESSAGEix-GLOBIOM_1.0,NPi_v3,R5LAM,Solar,EJ/yr,2080,3.880060778
MESSAGEix-GLOBIOM_1.0,NPi_v3,R5REF,Solar,EJ/yr,2080,0.310579266
MESSAGEix-GLOBIOM_1.0,NPi_v3,R5OECD90+EU,Solar,EJ/yr,2080,6.398403779
MESSAGEix-GLOBIOM_1.0,NPi_v3,World,Wind,EJ/yr,2080,66.02709061
MESSAGEix-GLOBIOM_1.0,NPi_v3,R5ASIA,Wind,EJ/yr,2080,22.07806675
MESSAGEix-GLOBIOM_1.0,NPi_v3,R5MAF,Wind,EJ/yr,2080,16.90068517
MESSAGEix-GLOBIOM_1.0,NPi_v3,R5LAM,Wind,EJ/yr,2080,6.459023329
MESSAGEix-GLOBIOM_1.0,NPi_v3,R5REF,Wind,EJ/yr,2080,2.204950482
MESSAGEix-GLOBIOM_1.0,NPi_v3,R5OECD90+EU,Wind,EJ/yr,2080,18.38436487
MESSAGEix-GLOBIOM_1.0,NPi_v3,World,Coal,EJ/yr,2090,57.13726145
MESSAGEix-GLOBIOM_1.0,NPi_v3,R5ASIA,Coal,EJ/yr,2090,33.35384477
MESSAGEix-GLOBIOM_1.0,NPi_v3,R5MAF,Coal,EJ/yr,2090,20.47170407
MESSAGEix-GLOBIOM_1.0,NPi_v3,R5LAM,Coal,EJ/yr,2090,0
MESSAGEix-GLOBIOM_1.0,NPi_v3,R5REF,Coal,EJ/yr,2090,0.1583228227
MESSAGEix-GLOBIOM_1.0,NPi_v3,R5OECD90+EU,Coal,EJ/yr,2090,3.153389793
MESSAGEix-GLOBIOM_1.0,NPi_v3,World,Gas,EJ/yr,2090,121.9875843
MESSAGEix-GLOBIOM_1.0,NPi_v3,R5ASIA,Gas,EJ/yr,2090,32.72295824
MESSAGEix-GLOBIOM_1.0,NPi_v3,R5MAF,Gas,EJ/yr,2090,30.79632431
MESSAGEix-GLOBIOM_1.0,NPi_v3,R5LAM,Gas,EJ/yr,2090,13.85570167
MESSAGEix-GLOBIOM_1.0,NPi_v3,R5REF,Gas,EJ/yr,2090,6.557724123
MESSAGEix-GLOBIOM_1.0,NPi_v3,R5OECD90+EU,Gas,EJ/yr,2090,38.05487599
MESSAGEix-GLOBIOM_1.0,NPi_v3,World,Geothermal,EJ/yr,2090,0.02216562122
MESSAGEix-GLOBIOM_1.0,NPi_v3,R5ASIA,Geothermal,EJ/yr,2090,0.008423763394
MESSAGEix-GLOBIOM_1.0,NPi_v3,R5MAF,Geothermal,EJ/yr,2090,0.0002632298287
MESSAGEix-GLOBIOM_1.0,NPi_v3,R5LAM,Geothermal,EJ/yr,2090,0.002083126307
MESSAGEix-GLOBIOM_1.0,NPi_v3,R5REF,Geothermal,EJ/yr,2090,0.00003866879366
MESSAGEix-GLOBIOM_1.0,NPi_v3,R5OECD90+EU,Geothermal,EJ/yr,2090,0.0113568329
MESSAGEix-GLOBIOM_1.0,NPi_v3,World,Hydro,EJ/yr,2090,24.90971775
MESSAGEix-GLOBIOM_1.0,NPi_v3,R5ASIA,Hydro,EJ/yr,2090,12.16781647
MESSAGEix-GLOBIOM_1.0,NPi_v3,R5MAF,Hydro,EJ/yr,2090,2.817108647
MESSAGEix-GLOBIOM_1.0,NPi_v3,R5LAM,Hydro,EJ/yr,2090,3.45930721
MESSAGEix-GLOBIOM_1.0,NPi_v3,R5REF,Hydro,EJ/yr,2090,1.188086386
MESSAGEix-GLOBIOM_1.0,NPi_v3,R5OECD90+EU,Hydro,EJ/yr,2090,5.277399032
MESSAGEix-GLOBIOM_1.0,NPi_v3,World,Nuclear,EJ/yr,2090,9.287283525
MESSAGEix-GLOBIOM_1.0,NPi_v3,R5ASIA,Nuclear,EJ/yr,2090,4.788897381
MESSAGEix-GLOBIOM_1.0,NPi_v3,R5MAF,Nuclear,EJ/yr,2090,0.3108942053
MESSAGEix-GLOBIOM_1.0,NPi_v3,R5LAM,Nuclear,EJ/yr,2090,0
MESSAGEix-GLOBIOM_1.0,NPi_v3,R5REF,Nuclear,EJ/yr,2090,0.6450984698
MESSAGEix-GLOBIOM_1.0,NPi_v3,R5OECD90+EU,Nuclear,EJ/yr,2090,3.542393469
MESSAGEix-GLOBIOM_1.0,NPi_v3,World,Oil,EJ/yr,2090,0
MESSAGEix-GLOBIOM_1.0,NPi_v3,R5ASIA,Oil,EJ/yr,2090,0
MESSAGEix-GLOBIOM_1.0,NPi_v3,R5MAF,Oil,EJ/yr,2090,0
MESSAGEix-GLOBIOM_1.0,NPi_v3,R5LAM,Oil,EJ/yr,2090,0
MESSAGEix-GLOBIOM_1.0,NPi_v3,R5REF,Oil,EJ/yr,2090,0
MESSAGEix-GLOBIOM_1.0,NPi_v3,R5OECD90+EU,Oil,EJ/yr,2090,0
MESSAGEix-GLOBIOM_1.0,NPi_v3,World,Solar,EJ/yr,2090,34.28270506
MESSAGEix-GLOBIOM_1.0,NPi_v3,R5ASIA,Solar,EJ/yr,2090,11.41045213
MESSAGEix-GLOBIOM_1.0,NPi_v3,R5MAF,Solar,EJ/yr,2090,10.10540111
MESSAGEix-GLOBIOM_1.0,NPi_v3,R5LAM,Solar,EJ/yr,2090,4.410150826
MESSAGEix-GLOBIOM_1.0,NPi_v3,R5REF,Solar,EJ/yr,2090,0.6073743026
MESSAGEix-GLOBIOM_1.0,NPi_v3,R5OECD90+EU,Solar,EJ/yr,2090,7.749326687
MESSAGEix-GLOBIOM_1.0,NPi_v3,World,Wind,EJ/yr,2090,75.51258564
MESSAGEix-GLOBIOM_1.0,NPi_v3,R5ASIA,Wind,EJ/yr,2090,24.6935636
MESSAGEix-GLOBIOM_1.0,NPi_v3,R5MAF,Wind,EJ/yr,2090,21.16772732
MESSAGEix-GLOBIOM_1.0,NPi_v3,R5LAM,Wind,EJ/yr,2090,7.341448507
MESSAGEix-GLOBIOM_1.0,NPi_v3,R5REF,Wind,EJ/yr,2090,3.070649226
MESSAGEix-GLOBIOM_1.0,NPi_v3,R5OECD90+EU,Wind,EJ/yr,2090,19.23919698
MESSAGEix-GLOBIOM_1.0,NPi_v3,World,Coal,EJ/yr,2100,61.75265978
MESSAGEix-GLOBIOM_1.0,NPi_v3,R5ASIA,Coal,EJ/yr,2100,25.44310438
MESSAGEix-GLOBIOM_1.0,NPi_v3,R5MAF,Coal,EJ/yr,2100,33.68789125
MESSAGEix-GLOBIOM_1.0,NPi_v3,R5LAM,Coal,EJ/yr,2100,0
MESSAGEix-GLOBIOM_1.0,NPi_v3,R5REF,Coal,EJ/yr,2100,0.159037842
MESSAGEix-GLOBIOM_1.0,NPi_v3,R5OECD90+EU,Coal,EJ/yr,2100,2.462626305
MESSAGEix-GLOBIOM_1.0,NPi_v3,World,Gas,EJ/yr,2100,130.791971
MESSAGEix-GLOBIOM_1.0,NPi_v3,R5ASIA,Gas,EJ/yr,2100,41.73743226
MESSAGEix-GLOBIOM_1.0,NPi_v3,R5MAF,Gas,EJ/yr,2100,29.10452474
MESSAGEix-GLOBIOM_1.0,NPi_v3,R5LAM,Gas,EJ/yr,2100,16.00622954
MESSAGEix-GLOBIOM_1.0,NPi_v3,R5REF,Gas,EJ/yr,2100,5.514420821
MESSAGEix-GLOBIOM_1.0,NPi_v3,R5OECD90+EU,Gas,EJ/yr,2100,38.42936368
MESSAGEix-GLOBIOM_1.0,NPi_v3,World,Geothermal,EJ/yr,2100,0.01789361202
MESSAGEix-GLOBIOM_1.0,NPi_v3,R5ASIA,Geothermal,EJ/yr,2100,0.008428663404
MESSAGEix-GLOBIOM_1.0,NPi_v3,R5MAF,Geothermal,EJ/yr,2100,0.0002676878523
MESSAGEix-GLOBIOM_1.0,NPi_v3,R5LAM,Geothermal,EJ/yr,2100,0.001245786436
MESSAGEix-GLOBIOM_1.0,NPi_v3,R5REF,Geothermal,EJ/yr,2100,0.00002310689163
MESSAGEix-GLOBIOM_1.0,NPi_v3,R5OECD90+EU,Geothermal,EJ/yr,2100,0.007928367435
MESSAGEix-GLOBIOM_1.0,NPi_v3,World,Hydro,EJ/yr,2100,25.27912776
MESSAGEix-GLOBIOM_1.0,NPi_v3,R5ASIA,Hydro,EJ/yr,2100,12.17128583
MESSAGEix-GLOBIOM_1.0,NPi_v3,R5MAF,Hydro,EJ/yr,2100,2.950566999
MESSAGEix-GLOBIOM_1.0,NPi_v3,R5LAM,Hydro,EJ/yr,2100,3.464038198
MESSAGEix-GLOBIOM_1.0,NPi_v3,R5REF,Hydro,EJ/yr,2100,1.312386503
MESSAGEix-GLOBIOM_1.0,NPi_v3,R5OECD90+EU,Hydro,EJ/yr,2100,5.380850231
MESSAGEix-GLOBIOM_1.0,NPi_v3,World,Nuclear,EJ/yr,2100,18.42006993
MESSAGEix-GLOBIOM_1.0,NPi_v3,R5ASIA,Nuclear,EJ/yr,2100,8.912643159
MESSAGEix-GLOBIOM_1.0,NPi_v3,R5MAF,Nuclear,EJ/yr,2100,0.9677740992
MESSAGEix-GLOBIOM_1.0,NPi_v3,R5LAM,Nuclear,EJ/yr,2100,0
MESSAGEix-GLOBIOM_1.0,NPi_v3,R5REF,Nuclear,EJ/yr,2100,1.460035891
MESSAGEix-GLOBIOM_1.0,NPi_v3,R5OECD90+EU,Nuclear,EJ/yr,2100,7.079616782
MESSAGEix-GLOBIOM_1.0,NPi_v3,World,Oil,EJ/yr,2100,0
MESSAGEix-GLOBIOM_1.0,NPi_v3,R5ASIA,Oil,EJ/yr,2100,0
MESSAGEix-GLOBIOM_1.0,NPi_v3,R5MAF,Oil,EJ/yr,2100,0
MESSAGEix-GLOBIOM_1.0,NPi_v3,R5LAM,Oil,EJ/yr,2100,0
MESSAGEix-GLOBIOM_1.0,NPi_v3,R5REF,Oil,EJ/yr,2100,0
MESSAGEix-GLOBIOM_1.0,NPi_v3,R5OECD90+EU,Oil,EJ/yr,2100,0
MESSAGEix-GLOBIOM_1.0,NPi_v3,World,Solar,EJ/yr,2100,43.82639736
MESSAGEix-GLOBIOM_1.0,NPi_v3,R5ASIA,Solar,EJ/yr,2100,14.6736663
MESSAGEix-GLOBIOM_1.0,NPi_v3,R5MAF,Solar,EJ/yr,2100,16.059868
MESSAGEix-GLOBIOM_1.0,NPi_v3,R5LAM,Solar,EJ/yr,2100,4.946560508
MESSAGEix-GLOBIOM_1.0,NPi_v3,R5REF,Solar,EJ/yr,2100,1.090822166
MESSAGEix-GLOBIOM_1.0,NPi_v3,R5OECD90+EU,Solar,EJ/yr,2100,7.055480379
MESSAGEix-GLOBIOM_1.0,NPi_v3,World,Wind,EJ/yr,2100,85.06497808
MESSAGEix-GLOBIOM_1.0,NPi_v3,R5ASIA,Wind,EJ/yr,2100,27.41742928
MESSAGEix-GLOBIOM_1.0,NPi_v3,R5MAF,Wind,EJ/yr,2100,26.28516638
MESSAGEix-GLOBIOM_1.0,NPi_v3,R5LAM,Wind,EJ/yr,2100,8.23523448
MESSAGEix-GLOBIOM_1.0,NPi_v3,R5REF,Wind,EJ/yr,2100,3.242536355
MESSAGEix-GLOBIOM_1.0,NPi_v3,R5OECD90+EU,Wind,EJ/yr,2100,19.88461159
MESSAGEix-GLOBIOM_1.0,NPi2020_1000_v3,World,Coal,EJ/yr,2010,31.06073684
MESSAGEix-GLOBIOM_1.0,NPi2020_1000_v3,R5ASIA,Coal,EJ/yr,2010,15.80702191
MESSAGEix-GLOBIOM_1.0,NPi2020_1000_v3,R5MAF,Coal,EJ/yr,2010,1.079943173
MESSAGEix-GLOBIOM_1.0,NPi2020_1000_v3,R5LAM,Coal,EJ/yr,2010,0.2523200526
MESSAGEix-GLOBIOM_1.0,NPi2020_1000_v3,R5REF,Coal,EJ/yr,2010,1.120616048
MESSAGEix-GLOBIOM_1.0,NPi2020_1000_v3,R5OECD90+EU,Coal,EJ/yr,2010,12.80083565
MESSAGEix-GLOBIOM_1.0,NPi2020_1000_v3,World,Gas,EJ/yr,2010,16.24323642
MESSAGEix-GLOBIOM_1.0,NPi2020_1000_v3,R5ASIA,Gas,EJ/yr,2010,2.65751557
MESSAGEix-GLOBIOM_1.0,NPi2020_1000_v3,R5MAF,Gas,EJ/yr,2010,2.834046297
MESSAGEix-GLOBIOM_1.0,NPi2020_1000_v3,R5LAM,Gas,EJ/yr,2010,1.305353292
MESSAGEix-GLOBIOM_1.0,NPi2020_1000_v3,R5REF,Gas,EJ/yr,2010,2.038578279
MESSAGEix-GLOBIOM_1.0,NPi2020_1000_v3,R5OECD90+EU,Gas,EJ/yr,2010,7.407742977
MESSAGEix-GLOBIOM_1.0,NPi2020_1000_v3,World,Geothermal,EJ/yr,2010,0.3578415539
MESSAGEix-GLOBIOM_1.0,NPi2020_1000_v3,R5ASIA,Geothermal,EJ/yr,2010,0.153183592
MESSAGEix-GLOBIOM_1.0,NPi2020_1000_v3,R5MAF,Geothermal,EJ/yr,2010,0.006150297424
MESSAGEix-GLOBIOM_1.0,NPi2020_1000_v3,R5LAM,Geothermal,EJ/yr,2010,0.04596955692
MESSAGEix-GLOBIOM_1.0,NPi2020_1000_v3,R5REF,Geothermal,EJ/yr,2010,0.001277368566
MESSAGEix-GLOBIOM_1.0,NPi2020_1000_v3,R5OECD90+EU,Geothermal,EJ/yr,2010,0.151260739
MESSAGEix-GLOBIOM_1.0,NPi2020_1000_v3,World,Hydro,EJ/yr,2010,12.85671186
MESSAGEix-GLOBIOM_1.0,NPi2020_1000_v3,R5ASIA,Hydro,EJ/yr,2010,3.659621038
MESSAGEix-GLOBIOM_1.0,NPi2020_1000_v3,R5MAF,Hydro,EJ/yr,2010,0.4954934689
MESSAGEix-GLOBIOM_1.0,NPi2020_1000_v3,R5LAM,Hydro,EJ/yr,2010,2.662481373
MESSAGEix-GLOBIOM_1.0,NPi2020_1000_v3,R5REF,Hydro,EJ/yr,2010,0.9736896371
MESSAGEix-GLOBIOM_1.0,NPi2020_1000_v3,R5OECD90+EU,Hydro,EJ/yr,2010,5.065426341
MESSAGEix-GLOBIOM_1.0,NPi2020_1000_v3,World,Nuclear,EJ/yr,2010,9.703582614
MESSAGEix-GLOBIOM_1.0,NPi2020_1000_v3,R5ASIA,Nuclear,EJ/yr,2010,1.031937958
MESSAGEix-GLOBIOM_1.0,NPi2020_1000_v3,R5MAF,Nuclear,EJ/yr,2010,0.04144339866
MESSAGEix-GLOBIOM_1.0,NPi2020_1000_v3,R5LAM,Nuclear,EJ/yr,2010,0.1001958964
MESSAGEix-GLOBIOM_1.0,NPi2020_1000_v3,R5REF,Nuclear,EJ/yr,2010,0.8288711506
MESSAGEix-GLOBIOM_1.0,NPi2020_1000_v3,R5OECD90+EU,Nuclear,EJ/yr,2010,7.701134211
MESSAGEix-GLOBIOM_1.0,NPi2020_1000_v3,World,Oil,EJ/yr,2010,2.549096917
MESSAGEix-GLOBIOM_1.0,NPi2020_1000_v3,R5ASIA,Oil,EJ/yr,2010,0.4846683998
MESSAGEix-GLOBIOM_1.0,NPi2020_1000_v3,R5MAF,Oil,EJ/yr,2010,1.174738165
MESSAGEix-GLOBIOM_1.0,NPi2020_1000_v3,R5LAM,Oil,EJ/yr,2010,0.2440094608
MESSAGEix-GLOBIOM_1.0,NPi2020_1000_v3,R5REF,Oil,EJ/yr,2010,0.09352121146
MESSAGEix-GLOBIOM_1.0,NPi2020_1000_v3,R5OECD90+EU,Oil,EJ/yr,2010,0.5521596797
MESSAGEix-GLOBIOM_1.0,NPi2020_1000_v3,World,Solar,EJ/yr,2010,0.2479116393
MESSAGEix-GLOBIOM_1.0,NPi2020_1000_v3,R5ASIA,Solar,EJ/yr,2010,0.005393576207
MESSAGEix-GLOBIOM_1.0,NPi2020_1000_v3,R5MAF,Solar,EJ/yr,2010,0.01043185464
MESSAGEix-GLOBIOM_1.0,NPi2020_1000_v3,R5LAM,Solar,EJ/yr,2010,0.0006623399323
MESSAGEix-GLOBIOM_1.0,NPi2020_1000_v3,R5REF,Solar,EJ/yr,2010,0
MESSAGEix-GLOBIOM_1.0,NPi2020_1000_v3,R5OECD90+EU,Solar,EJ/yr,2010,0.2314238686
MESSAGEix-GLOBIOM_1.0,NPi2020_1000_v3,World,Wind,EJ/yr,2010,1.656163047
MESSAGEix-GLOBIOM_1.0,NPi2020_1000_v3,R5ASIA,Wind,EJ/yr,2010,0.1850615838
MESSAGEix-GLOBIOM_1.0,NPi2020_1000_v3,R5MAF,Wind,EJ/yr,2010,0.03854196482
MESSAGEix-GLOBIOM_1.0,NPi2020_1000_v3,R5LAM,Wind,EJ/yr,2010,0
MESSAGEix-GLOBIOM_1.0,NPi2020_1000_v3,R5REF,Wind,EJ/yr,2010,0
MESSAGEix-GLOBIOM_1.0,NPi2020_1000_v3,R5OECD90+EU,Wind,EJ/yr,2010,1.432559499
MESSAGEix-GLOBIOM_1.0,NPi2020_1000_v3,World,Coal,EJ/yr,2020,27.42234573
MESSAGEix-GLOBIOM_1.0,NPi2020_1000_v3,R5ASIA,Coal,EJ/yr,2020,16.52101202
MESSAGEix-GLOBIOM_1.0,NPi2020_1000_v3,R5MAF,Coal,EJ/yr,2020,1.319853123
MESSAGEix-GLOBIOM_1.0,NPi2020_1000_v3,R5LAM,Coal,EJ/yr,2020,0.2121587572
MESSAGEix-GLOBIOM_1.0,NPi2020_1000_v3,R5REF,Coal,EJ/yr,2020,0.8904832486
MESSAGEix-GLOBIOM_1.0,NPi2020_1000_v3,R5OECD90+EU,Coal,EJ/yr,2020,8.478838583
MESSAGEix-GLOBIOM_1.0,NPi2020_1000_v3,World,Gas,EJ/yr,2020,32.12260647
MESSAGEix-GLOBIOM_1.0,NPi2020_1000_v3,R5ASIA,Gas,EJ/yr,2020,7.380619431
MESSAGEix-GLOBIOM_1.0,NPi2020_1000_v3,R5MAF,Gas,EJ/yr,2020,4.980538064
MESSAGEix-GLOBIOM_1.0,NPi2020_1000_v3,R5LAM,Gas,EJ/yr,2020,2.558863877
MESSAGEix-GLOBIOM_1.0,NPi2020_1000_v3,R5REF,Gas,EJ/yr,2020,3.431331431
MESSAGEix-GLOBIOM_1.0,NPi2020_1000_v3,R5OECD90+EU,Gas,EJ/yr,2020,13.77125367
MESSAGEix-GLOBIOM_1.0,NPi2020_1000_v3,World,Geothermal,EJ/yr,2020,0.2392423393
MESSAGEix-GLOBIOM_1.0,NPi2020_1000_v3,R5ASIA,Geothermal,EJ/yr,2020,0.09174714939
MESSAGEix-GLOBIOM_1.0,NPi2020_1000_v3,R5MAF,Geothermal,EJ/yr,2020,0.003516869257
MESSAGEix-GLOBIOM_1.0,NPi2020_1000_v3,R5LAM,Geothermal,EJ/yr,2020,0.02752367113
MESSAGEix-GLOBIOM_1.0,NPi2020_1000_v3,R5REF,Geothermal,EJ/yr,2020,0.0007760929356
MESSAGEix-GLOBIOM_1.0,NPi2020_1000_v3,R5OECD90+EU,Geothermal,EJ/yr,2020,0.1156785566
MESSAGEix-GLOBIOM_1.0,NPi2020_1000_v3,World,Hydro,EJ/yr,2020,15.80198983
MESSAGEix-GLOBIOM_1.0,NPi2020_1000_v3,R5ASIA,Hydro,EJ/yr,2020,6.044438068
MESSAGEix-GLOBIOM_1.0,NPi2020_1000_v3,R5MAF,Hydro,EJ/yr,2020,0.6882028052
MESSAGEix-GLOBIOM_1.0,NPi2020_1000_v3,R5LAM,Hydro,EJ/yr,2020,2.826614759
MESSAGEix-GLOBIOM_1.0,NPi2020_1000_v3,R5REF,Hydro,EJ/yr,2020,0.9736896268
MESSAGEix-GLOBIOM_1.0,NPi2020_1000_v3,R5OECD90+EU,Hydro,EJ/yr,2020,5.269044576
MESSAGEix-GLOBIOM_1.0,NPi2020_1000_v3,World,Nuclear,EJ/yr,2020,10.67804479
MESSAGEix-GLOBIOM_1.0,NPi2020_1000_v3,R5ASIA,Nuclear,EJ/yr,2020,2.532496404
MESSAGEix-GLOBIOM_1.0,NPi2020_1000_v3,R5MAF,Nuclear,EJ/yr,2020,0.03958048409
MESSAGEix-GLOBIOM_1.0,NPi2020_1000_v3,R5LAM,Nuclear,EJ/yr,2020,0.1001962705
MESSAGEix-GLOBIOM_1.0,NPi2020_1000_v3,R5REF,Nuclear,EJ/yr,2020,0.3834357447
MESSAGEix-GLOBIOM_1.0,NPi2020_1000_v3,R5OECD90+EU,Nuclear,EJ/yr,2020,7.622335891
MESSAGEix-GLOBIOM_1.0,NPi2020_1000_v3,World,Oil,EJ/yr,2020,1.137887923
MESSAGEix-GLOBIOM_1.0,NPi2020_1000_v3,R5ASIA,Oil,EJ/yr,2020,0.2083906778
MESSAGEix-GLOBIOM_1.0,NPi2020_1000_v3,R5MAF,Oil,EJ/yr,2020,0.6928472927
MESSAGEix-GLOBIOM_1.0,NPi2020_1000_v3,R5LAM,Oil,EJ/yr,2020,0.08719387317
MESSAGEix-GLOBIOM_1.0,NPi2020_1000_v3,R5REF,Oil,EJ/yr,2020,0
MESSAGEix-GLOBIOM_1.0,NPi2020_1000_v3,R5OECD90+EU,Oil,EJ/yr,2020,0.149456079
MESSAGEix-GLOBIOM_1.0,NPi2020_1000_v3,World,Solar,EJ/yr,2020,1.505883323
MESSAGEix-GLOBIOM_1.0,NPi2020_1000_v3,R5ASIA,Solar,EJ/yr,2020,0.7263031184
MESSAGEix-GLOBIOM_1.0,NPi2020_1000_v3,R5MAF,Solar,EJ/yr,2020,0.009272759757
MESSAGEix-GLOBIOM_1.0,NPi2020_1000_v3,R5LAM,Solar,EJ/yr,2020,0.0004415599843
MESSAGEix-GLOBIOM_1.0,NPi2020_1000_v3,R5REF,Solar,EJ/yr,2020,0.009108752036
MESSAGEix-GLOBIOM_1.0,NPi2020_1000_v3,R5OECD90+EU,Solar,EJ/yr,2020,0.7607571329
MESSAGEix-GLOBIOM_1.0,NPi2020_1000_v3,World,Wind,EJ/yr,2020,8.933960334
MESSAGEix-GLOBIOM_1.0,NPi2020_1000_v3,R5ASIA,Wind,EJ/yr,2020,2.903845603
MESSAGEix-GLOBIOM_1.0,NPi2020_1000_v3,R5MAF,Wind,EJ/yr,2020,0.4307215934
MESSAGEix-GLOBIOM_1.0,NPi2020_1000_v3,R5LAM,Wind,EJ/yr,2020,0.2900975191
MESSAGEix-GLOBIOM_1.0,NPi2020_1000_v3,R5REF,Wind,EJ/yr,2020,0.0374695198
MESSAGEix-GLOBIOM_1.0,NPi2020_1000_v3,R5OECD90+EU,Wind,EJ/yr,2020,5.271826098
MESSAGEix-GLOBIOM_1.0,NPi2020_1000_v3,World,Coal,EJ/yr,2030,8.889911624
MESSAGEix-GLOBIOM_1.0,NPi2020_1000_v3,R5ASIA,Coal,EJ/yr,2030,6.743337288
MESSAGEix-GLOBIOM_1.0,NPi2020_1000_v3,R5MAF,Coal,EJ/yr,2030,0.5840957733
MESSAGEix-GLOBIOM_1.0,NPi2020_1000_v3,R5LAM,Coal,EJ/yr,2030,0.0556400472
MESSAGEix-GLOBIOM_1.0,NPi2020_1000_v3,R5REF,Coal,EJ/yr,2030,0.004458601813
MESSAGEix-GLOBIOM_1.0,NPi2020_1000_v3,R5OECD90+EU,Coal,EJ/yr,2030,1.502379913
MESSAGEix-GLOBIOM_1.0,NPi2020_1000_v3,World,Gas,EJ/yr,2030,48.38773446
MESSAGEix-GLOBIOM_1.0,NPi2020_1000_v3,R5ASIA,Gas,EJ/yr,2030,13.16608487
MESSAGEix-GLOBIOM_1.0,NPi2020_1000_v3,R5MAF,Gas,EJ/yr,2030,8.195224313
MESSAGEix-GLOBIOM_1.0,NPi2020_1000_v3,R5LAM,Gas,EJ/yr,2030,3.808228127
MESSAGEix-GLOBIOM_1.0,NPi2020_1000_v3,R5REF,Gas,EJ/yr,2030,4.086543896
MESSAGEix-GLOBIOM_1.0,NPi2020_1000_v3,R5OECD90+EU,Gas,EJ/yr,2030,19.13165325
MESSAGEix-GLOBIOM_1.0,NPi2020_1000_v3,World,Geothermal,EJ/yr,2030,0.1917604791
MESSAGEix-GLOBIOM_1.0,NPi2020_1000_v3,R5ASIA,Geothermal,EJ/yr,2030,0.07921977047
MESSAGEix-GLOBIOM_1.0,NPi2020_1000_v3,R5MAF,Geothermal,EJ/yr,2030,0.003761143736
MESSAGEix-GLOBIOM_1.0,NPi2020_1000_v3,R5LAM,Geothermal,EJ/yr,2030,0.01605684548
MESSAGEix-GLOBIOM_1.0,NPi2020_1000_v3,R5REF,Geothermal,EJ/yr,2030,0.0004579186932
MESSAGEix-GLOBIOM_1.0,NPi2020_1000_v3,R5OECD90+EU,Geothermal,EJ/yr,2030,0.09226480072
MESSAGEix-GLOBIOM_1.0,NPi2020_1000_v3,World,Hydro,EJ/yr,2030,19.78928813
MESSAGEix-GLOBIOM_1.0,NPi2020_1000_v3,R5ASIA,Hydro,EJ/yr,2030,9.480071479
MESSAGEix-GLOBIOM_1.0,NPi2020_1000_v3,R5MAF,Hydro,EJ/yr,2030,0.8676654044
MESSAGEix-GLOBIOM_1.0,NPi2020_1000_v3,R5LAM,Hydro,EJ/yr,2030,3.091866146
MESSAGEix-GLOBIOM_1.0,NPi2020_1000_v3,R5REF,Hydro,EJ/yr,2030,1.075559105
MESSAGEix-GLOBIOM_1.0,NPi2020_1000_v3,R5OECD90+EU,Hydro,EJ/yr,2030,5.274125999
MESSAGEix-GLOBIOM_1.0,NPi2020_1000_v3,World,Nuclear,EJ/yr,2030,15.76280349
MESSAGEix-GLOBIOM_1.0,NPi2020_1000_v3,R5ASIA,Nuclear,EJ/yr,2030,5.200596681
MESSAGEix-GLOBIOM_1.0,NPi2020_1000_v3,R5MAF,Nuclear,EJ/yr,2030,0.315432731
MESSAGEix-GLOBIOM_1.0,NPi2020_1000_v3,R5LAM,Nuclear,EJ/yr,2030,0.05260873884
MESSAGEix-GLOBIOM_1.0,NPi2020_1000_v3,R5REF,Nuclear,EJ/yr,2030,0.8349543295
MESSAGEix-GLOBIOM_1.0,NPi2020_1000_v3,R5OECD90+EU,Nuclear,EJ/yr,2030,9.35921101
MESSAGEix-GLOBIOM_1.0,NPi2020_1000_v3,World,Oil,EJ/yr,2030,0.6139866626
MESSAGEix-GLOBIOM_1.0,NPi2020_1000_v3,R5ASIA,Oil,EJ/yr,2030,0.09341839067
MESSAGEix-GLOBIOM_1.0,NPi2020_1000_v3,R5MAF,Oil,EJ/yr,2030,0.3984193479
MESSAGEix-GLOBIOM_1.0,NPi2020_1000_v3,R5LAM,Oil,EJ/yr,2030,0.0501980088
MESSAGEix-GLOBIOM_1.0,NPi2020_1000_v3,R5REF,Oil,EJ/yr,2030,0
MESSAGEix-GLOBIOM_1.0,NPi2020_1000_v3,R5OECD90+EU,Oil,EJ/yr,2030,0.07195091521
MESSAGEix-GLOBIOM_1.0,NPi2020_1000_v3,World,Solar,EJ/yr,2030,3.40318797
MESSAGEix-GLOBIOM_1.0,NPi2020_1000_v3,R5ASIA,Solar,EJ/yr,2030,1.911908703
MESSAGEix-GLOBIOM_1.0,NPi2020_1000_v3,R5MAF,Solar,EJ/yr,2030,0.2053779863
MESSAGEix-GLOBIOM_1.0,NPi2020_1000_v3,R5LAM,Solar,EJ/yr,2030,0.1150017854
MESSAGEix-GLOBIOM_1.0,NPi2020_1000_v3,R5REF,Solar,EJ/yr,2030,0.06163308893
MESSAGEix-GLOBIOM_1.0,NPi2020_1000_v3,R5OECD90+EU,Solar,EJ/yr,2030,1.109266407
MESSAGEix-GLOBIOM_1.0,NPi2020_1000_v3,World,Wind,EJ/yr,2030,18.90091406
MESSAGEix-GLOBIOM_1.0,NPi2020_1000_v3,R5ASIA,Wind,EJ/yr,2030,9.098112782
MESSAGEix-GLOBIOM_1.0,NPi2020_1000_v3,R5MAF,Wind,EJ/yr,2030,1.483602145
MESSAGEix-GLOBIOM_1.0,NPi2020_1000_v3,R5LAM,Wind,EJ/yr,2030,0.933822297
MESSAGEix-GLOBIOM_1.0,NPi2020_1000_v3,R5REF,Wind,EJ/yr,2030,0.1487578559
MESSAGEix-GLOBIOM_1.0,NPi2020_1000_v3,R5OECD90+EU,Wind,EJ/yr,2030,7.236618982
MESSAGEix-GLOBIOM_1.0,NPi2020_1000_v3,World,Coal,EJ/yr,2040,1.741380786
MESSAGEix-GLOBIOM_1.0,NPi2020_1000_v3,R5ASIA,Coal,EJ/yr,2040,1.230126567
MESSAGEix-GLOBIOM_1.0,NPi2020_1000_v3,R5MAF,Coal,EJ/yr,2040,0.318517367
MESSAGEix-GLOBIOM_1.0,NPi2020_1000_v3,R5LAM,Coal,EJ/yr,2040,0.0189027861
MESSAGEix-GLOBIOM_1.0,NPi2020_1000_v3,R5REF,Coal,EJ/yr,2040,0.0172408906
MESSAGEix-GLOBIOM_1.0,NPi2020_1000_v3,R5OECD90+EU,Coal,EJ/yr,2040,0.1565931755
MESSAGEix-GLOBIOM_1.0,NPi2020_1000_v3,World,Gas,EJ/yr,2040,62.90208364
MESSAGEix-GLOBIOM_1.0,NPi2020_1000_v3,R5ASIA,Gas,EJ/yr,2040,18.50810807
MESSAGEix-GLOBIOM_1.0,NPi2020_1000_v3,R5MAF,Gas,EJ/yr,2040,12.80593643
MESSAGEix-GLOBIOM_1.0,NPi2020_1000_v3,R5LAM,Gas,EJ/yr,2040,3.910112421
MESSAGEix-GLOBIOM_1.0,NPi2020_1000_v3,R5REF,Gas,EJ/yr,2040,5.217883009
MESSAGEix-GLOBIOM_1.0,NPi2020_1000_v3,R5OECD90+EU,Gas,EJ/yr,2040,22.46004371
MESSAGEix-GLOBIOM_1.0,NPi2020_1000_v3,World,Geothermal,EJ/yr,2040,0.3309278469
MESSAGEix-GLOBIOM_1.0,NPi2020_1000_v3,R5ASIA,Geothermal,EJ/yr,2040,0.06001739008
MESSAGEix-GLOBIOM_1.0,NPi2020_1000_v3,R5MAF,Geothermal,EJ/yr,2040,0.002251935646
MESSAGEix-GLOBIOM_1.0,NPi2020_1000_v3,R5LAM,Geothermal,EJ/yr,2040,0.009542730663
MESSAGEix-GLOBIOM_1.0,NPi2020_1000_v3,R5REF,Geothermal,EJ/yr,2040,0.0002861237786
MESSAGEix-GLOBIOM_1.0,NPi2020_1000_v3,R5OECD90+EU,Geothermal,EJ/yr,2040,0.2588296668
MESSAGEix-GLOBIOM_1.0,NPi2020_1000_v3,World,Hydro,EJ/yr,2040,24.0401879
MESSAGEix-GLOBIOM_1.0,NPi2020_1000_v3,R5ASIA,Hydro,EJ/yr,2040,10.95696594
MESSAGEix-GLOBIOM_1.0,NPi2020_1000_v3,R5MAF,Hydro,EJ/yr,2040,1.011487801
MESSAGEix-GLOBIOM_1.0,NPi2020_1000_v3,R5LAM,Hydro,EJ/yr,2040,5.449481229
MESSAGEix-GLOBIOM_1.0,NPi2020_1000_v3,R5REF,Hydro,EJ/yr,2040,1.21323122
MESSAGEix-GLOBIOM_1.0,NPi2020_1000_v3,R5OECD90+EU,Hydro,EJ/yr,2040,5.409021711
MESSAGEix-GLOBIOM_1.0,NPi2020_1000_v3,World,Nuclear,EJ/yr,2040,23.33397269
MESSAGEix-GLOBIOM_1.0,NPi2020_1000_v3,R5ASIA,Nuclear,EJ/yr,2040,10.99948295
MESSAGEix-GLOBIOM_1.0,NPi2020_1000_v3,R5MAF,Nuclear,EJ/yr,2040,1.233504386
MESSAGEix-GLOBIOM_1.0,NPi2020_1000_v3,R5LAM,Nuclear,EJ/yr,2040,0.02944239858
MESSAGEix-GLOBIOM_1.0,NPi2020_1000_v3,R5REF,Nuclear,EJ/yr,2040,0.443113374
MESSAGEix-GLOBIOM_1.0,NPi2020_1000_v3,R5OECD90+EU,Nuclear,EJ/yr,2040,10.62842958
MESSAGEix-GLOBIOM_1.0,NPi2020_1000_v3,World,Oil,EJ/yr,2040,0.2738242014
MESSAGEix-GLOBIOM_1.0,NPi2020_1000_v3,R5ASIA,Oil,EJ/yr,2040,0.01627240405
MESSAGEix-GLOBIOM_1.0,NPi2020_1000_v3,R5MAF,Oil,EJ/yr,2040,0.2237935657
MESSAGEix-GLOBIOM_1.0,NPi2020_1000_v3,R5LAM,Oil,EJ/yr,2040,0.01730621046
MESSAGEix-GLOBIOM_1.0,NPi2020_1000_v3,R5REF,Oil,EJ/yr,2040,0
MESSAGEix-GLOBIOM_1.0,NPi2020_1000_v3,R5OECD90+EU,Oil,EJ/yr,2040,0.01645202117
MESSAGEix-GLOBIOM_1.0,NPi2020_1000_v3,World,Solar,EJ/yr,2040,10.60903299
MESSAGEix-GLOBIOM_1.0,NPi2020_1000_v3,R5ASIA,Solar,EJ/yr,2040,6.617852284
MESSAGEix-GLOBIOM_1.0,NPi2020_1000_v3,R5MAF,Solar,EJ/yr,2040,0.8593755991
MESSAGEix-GLOBIOM_1.0,NPi2020_1000_v3,R5LAM,Solar,EJ/yr,2040,0.7185759401
MESSAGEix-GLOBIOM_1.0,NPi2020_1000_v3,R5REF,Solar,EJ/yr,2040,0.1841104809
MESSAGEix-GLOBIOM_1.0,NPi2020_1000_v3,R5OECD90+EU,Solar,EJ/yr,2040,2.229118688
MESSAGEix-GLOBIOM_1.0,NPi2020_1000_v3,World,Wind,EJ/yr,2040,31.20755876
MESSAGEix-GLOBIOM_1.0,NPi2020_1000_v3,R5ASIA,Wind,EJ/yr,2040,13.94518289
MESSAGEix-GLOBIOM_1.0,NPi2020_1000_v3,R5MAF,Wind,EJ/yr,2040,3.904082695
MESSAGEix-GLOBIOM_1.0,NPi2020_1000_v3,R5LAM,Wind,EJ/yr,2040,2.239843295
MESSAGEix-GLOBIOM_1.0,NPi2020_1000_v3,R5REF,Wind,EJ/yr,2040,0.4565664709
MESSAGEix-GLOBIOM_1.0,NPi2020_1000_v3,R5OECD90+EU,Wind,EJ/yr,2040,10.66188341
MESSAGEix-GLOBIOM_1.0,NPi2020_1000_v3,World,Coal,EJ/yr,2050,1.619065753
MESSAGEix-GLOBIOM_1.0,NPi2020_1000_v3,R5ASIA,Coal,EJ/yr,2050,1.193592083
MESSAGEix-GLOBIOM_1.0,NPi2020_1000_v3,R5MAF,Coal,EJ/yr,2050,0.03625463321
MESSAGEix-GLOBIOM_1.0,NPi2020_1000_v3,R5LAM,Coal,EJ/yr,2050,0.02405554075
MESSAGEix-GLOBIOM_1.0,NPi2020_1000_v3,R5REF,Coal,EJ/yr,2050,0.05948535742
MESSAGEix-GLOBIOM_1.0,NPi2020_1000_v3,R5OECD90+EU,Coal,EJ/yr,2050,0.3056781392
MESSAGEix-GLOBIOM_1.0,NPi2020_1000_v3,World,Gas,EJ/yr,2050,60.71598601
MESSAGEix-GLOBIOM_1.0,NPi2020_1000_v3,R5ASIA,Gas,EJ/yr,2050,13.42166871
MESSAGEix-GLOBIOM_1.0,NPi2020_1000_v3,R5MAF,Gas,EJ/yr,2050,15.48994939
MESSAGEix-GLOBIOM_1.0,NPi2020_1000_v3,R5LAM,Gas,EJ/yr,2050,2.718623314
MESSAGEix-GLOBIOM_1.0,NPi2020_1000_v3,R5REF,Gas,EJ/yr,2050,4.390280483
MESSAGEix-GLOBIOM_1.0,NPi2020_1000_v3,R5OECD90+EU,Gas,EJ/yr,2050,24.69546412
MESSAGEix-GLOBIOM_1.0,NPi2020_1000_v3,World,Geothermal,EJ/yr,2050,0.528593065
MESSAGEix-GLOBIOM_1.0,NPi2020_1000_v3,R5ASIA,Geothermal,EJ/yr,2050,0.05734501149
MESSAGEix-GLOBIOM_1.0,NPi2020_1000_v3,R5MAF,Geothermal,EJ/yr,2050,0.001348317036
MESSAGEix-GLOBIOM_1.0,NPi2020_1000_v3,R5LAM,Geothermal,EJ/yr,2050,0.005402879063
MESSAGEix-GLOBIOM_1.0,NPi2020_1000_v3,R5REF,Geothermal,EJ/yr,2050,0.0002846067522
MESSAGEix-GLOBIOM_1.0,NPi2020_1000_v3,R5OECD90+EU,Geothermal,EJ/yr,2050,0.4642122506
MESSAGEix-GLOBIOM_1.0,NPi2020_1000_v3,World,Hydro,EJ/yr,2050,27.59040906
MESSAGEix-GLOBIOM_1.0,NPi2020_1000_v3,R5ASIA,Hydro,EJ/yr,2050,11.98456926
MESSAGEix-GLOBIOM_1.0,NPi2020_1000_v3,R5MAF,Hydro,EJ/yr,2050,2.209604588
MESSAGEix-GLOBIOM_1.0,NPi2020_1000_v3,R5LAM,Hydro,EJ/yr,2050,6.167331614
MESSAGEix-GLOBIOM_1.0,NPi2020_1000_v3,R5REF,Hydro,EJ/yr,2050,1.33012693
MESSAGEix-GLOBIOM_1.0,NPi2020_1000_v3,R5OECD90+EU,Hydro,EJ/yr,2050,5.898776671
MESSAGEix-GLOBIOM_1.0,NPi2020_1000_v3,World,Nuclear,EJ/yr,2050,35.88439915
MESSAGEix-GLOBIOM_1.0,NPi2020_1000_v3,R5ASIA,Nuclear,EJ/yr,2050,20.99733538
MESSAGEix-GLOBIOM_1.0,NPi2020_1000_v3,R5MAF,Nuclear,EJ/yr,2050,2.996074433
MESSAGEix-GLOBIOM_1.0,NPi2020_1000_v3,R5LAM,Nuclear,EJ/yr,2050,0
MESSAGEix-GLOBIOM_1.0,NPi2020_1000_v3,R5REF,Nuclear,EJ/yr,2050,0.9383041619
MESSAGEix-GLOBIOM_1.0,NPi2020_1000_v3,R5OECD90+EU,Nuclear,EJ/yr,2050,10.95268518
MESSAGEix-GLOBIOM_1.0,NPi2020_1000_v3,World,Oil,EJ/yr,2050,0.09468308381
MESSAGEix-GLOBIOM_1.0,NPi2020_1000_v3,R5ASIA,Oil,EJ/yr,2050,0.005678008521
MESSAGEix-GLOBIOM_1.0,NPi2020_1000_v3,R5MAF,Oil,EJ/yr,2050,0.07788236391
MESSAGEix-GLOBIOM_1.0,NPi2020_1000_v3,R5LAM,Oil,EJ/yr,2050,0.005394981429
MESSAGEix-GLOBIOM_1.0,NPi2020_1000_v3,R5REF,Oil,EJ/yr,2050,0
MESSAGEix-GLOBIOM_1.0,NPi2020_1000_v3,R5OECD90+EU,Oil,EJ/yr,2050,0.005727729946
MESSAGEix-GLOBIOM_1.0,NPi2020_1000_v3,World,Solar,EJ/yr,2050,21.37636911
MESSAGEix-GLOBIOM_1.0,NPi2020_1000_v3,R5ASIA,Solar,EJ/yr,2050,12.07062657
MESSAGEix-GLOBIOM_1.0,NPi2020_1000_v3,R5MAF,Solar,EJ/yr,2050,2.323748658
MESSAGEix-GLOBIOM_1.0,NPi2020_1000_v3,R5LAM,Solar,EJ/yr,2050,2.236124662
MESSAGEix-GLOBIOM_1.0,NPi2020_1000_v3,R5REF,Solar,EJ/yr,2050,0.4013699726
MESSAGEix-GLOBIOM_1.0,NPi2020_1000_v3,R5OECD90+EU,Solar,EJ/yr,2050,4.344499244
MESSAGEix-GLOBIOM_1.0,NPi2020_1000_v3,World,Wind,EJ/yr,2050,44.25509477
MESSAGEix-GLOBIOM_1.0,NPi2020_1000_v3,R5ASIA,Wind,EJ/yr,2050,19.28006274
MESSAGEix-GLOBIOM_1.0,NPi2020_1000_v3,R5MAF,Wind,EJ/yr,2050,7.161120505
MESSAGEix-GLOBIOM_1.0,NPi2020_1000_v3,R5LAM,Wind,EJ/yr,2050,3.550011796
MESSAGEix-GLOBIOM_1.0,NPi2020_1000_v3,R5REF,Wind,EJ/yr,2050,1.217548286
MESSAGEix-GLOBIOM_1.0,NPi2020_1000_v3,R5OECD90+EU,Wind,EJ/yr,2050,13.04635144
MESSAGEix-GLOBIOM_1.0,NPi2020_1000_v3,World,Coal,EJ/yr,2060,2.127447234
MESSAGEix-GLOBIOM_1.0,NPi2020_1000_v3,R5ASIA,Coal,EJ/yr,2060,1.382654128
MESSAGEix-GLOBIOM_1.0,NPi2020_1000_v3,R5MAF,Coal,EJ/yr,2060,0.06099178215
MESSAGEix-GLOBIOM_1.0,NPi2020_1000_v3,R5LAM,Coal,EJ/yr,2060,0.02024798898
MESSAGEix-GLOBIOM_1.0,NPi2020_1000_v3,R5REF,Coal,EJ/yr,2060,0.1360395281
MESSAGEix-GLOBIOM_1.0,NPi2020_1000_v3,R5OECD90+EU,Coal,EJ/yr,2060,0.5275138067
MESSAGEix-GLOBIOM_1.0,NPi2020_1000_v3,World,Gas,EJ/yr,2060,57.67848888
MESSAGEix-GLOBIOM_1.0,NPi2020_1000_v3,R5ASIA,Gas,EJ/yr,2060,10.48691744
MESSAGEix-GLOBIOM_1.0,NPi2020_1000_v3,R5MAF,Gas,EJ/yr,2060,18.01392997
MESSAGEix-GLOBIOM_1.0,NPi2020_1000_v3,R5LAM,Gas,EJ/yr,2060,3.993598245
MESSAGEix-GLOBIOM_1.0,NPi2020_1000_v3,R5REF,Gas,EJ/yr,2060,3.224339844
MESSAGEix-GLOBIOM_1.0,NPi2020_1000_v3,R5OECD90+EU,Gas,EJ/yr,2060,21.95970338
MESSAGEix-GLOBIOM_1.0,NPi2020_1000_v3,World,Geothermal,EJ/yr,2060,0.8603588901
MESSAGEix-GLOBIOM_1.0,NPi2020_1000_v3,R5ASIA,Geothermal,EJ/yr,2060,0.1143051637
MESSAGEix-GLOBIOM_1.0,NPi2020_1000_v3,R5MAF,Geothermal,EJ/yr,2060,0.006576136581
MESSAGEix-GLOBIOM_1.0,NPi2020_1000_v3,R5LAM,Geothermal,EJ/yr,2060,0.005582712387
MESSAGEix-GLOBIOM_1.0,NPi2020_1000_v3,R5REF,Geothermal,EJ/yr,2060,0.0002857409956
MESSAGEix-GLOBIOM_1.0,NPi2020_1000_v3,R5OECD90+EU,Geothermal,EJ/yr,2060,0.7336091364
MESSAGEix-GLOBIOM_1.0,NPi2020_1000_v3,World,Hydro,EJ/yr,2060,29.57218249
MESSAGEix-GLOBIOM_1.0,NPi2020_1000_v3,R5ASIA,Hydro,EJ/yr,2060,12.10221343
MESSAGEix-GLOBIOM_1.0,NPi2020_1000_v3,R5MAF,Hydro,EJ/yr,2060,2.80109894
MESSAGEix-GLOBIOM_1.0,NPi2020_1000_v3,R5LAM,Hydro,EJ/yr,2060,6.717073823
MESSAGEix-GLOBIOM_1.0,NPi2020_1000_v3,R5REF,Hydro,EJ/yr,2060,1.885504359
MESSAGEix-GLOBIOM_1.0,NPi2020_1000_v3,R5OECD90+EU,Hydro,EJ/yr,2060,6.066291935
MESSAGEix-GLOBIOM_1.0,NPi2020_1000_v3,World,Nuclear,EJ/yr,2060,60.25143961
MESSAGEix-GLOBIOM_1.0,NPi2020_1000_v3,R5ASIA,Nuclear,EJ/yr,2060,34.6135428
MESSAGEix-GLOBIOM_1.0,NPi2020_1000_v3,R5MAF,Nuclear,EJ/yr,2060,6.497587741
MESSAGEix-GLOBIOM_1.0,NPi2020_1000_v3,R5LAM,Nuclear,EJ/yr,2060,0
MESSAGEix-GLOBIOM_1.0,NPi2020_1000_v3,R5REF,Nuclear,EJ/yr,2060,1.645358439
MESSAGEix-GLOBIOM_1.0,NPi2020_1000_v3,R5OECD90+EU,Nuclear,EJ/yr,2060,17.49495063
MESSAGEix-GLOBIOM_1.0,NPi2020_1000_v3,World,Oil,EJ/yr,2060,0.02486563979
MESSAGEix-GLOBIOM_1.0,NPi2020_1000_v3,R5ASIA,Oil,EJ/yr,2060,0.000005623320255
MESSAGEix-GLOBIOM_1.0,NPi2020_1000_v3,R5MAF,Oil,EJ/yr,2060,0.02484885603
MESSAGEix-GLOBIOM_1.0,NPi2020_1000_v3,R5LAM,Oil,EJ/yr,2060,0.000005547069669
MESSAGEix-GLOBIOM_1.0,NPi2020_1000_v3,R5REF,Oil,EJ/yr,2060,0
MESSAGEix-GLOBIOM_1.0,NPi2020_1000_v3,R5OECD90+EU,Oil,EJ/yr,2060,0.000005613368027
MESSAGEix-GLOBIOM_1.0,NPi2020_1000_v3,World,Solar,EJ/yr,2060,32.47731269
MESSAGEix-GLOBIOM_1.0,NPi2020_1000_v3,R5ASIA,Solar,EJ/yr,2060,16.03204598
MESSAGEix-GLOBIOM_1.0,NPi2020_1000_v3,R5MAF,Solar,EJ/yr,2060,4.96801601
MESSAGEix-GLOBIOM_1.0,NPi2020_1000_v3,R5LAM,Solar,EJ/yr,2060,3.437758628
MESSAGEix-GLOBIOM_1.0,NPi2020_1000_v3,R5REF,Solar,EJ/yr,2060,0.7552627964
MESSAGEix-GLOBIOM_1.0,NPi2020_1000_v3,R5OECD90+EU,Solar,EJ/yr,2060,7.284229271
MESSAGEix-GLOBIOM_1.0,NPi2020_1000_v3,World,Wind,EJ/yr,2060,59.41354514
MESSAGEix-GLOBIOM_1.0,NPi2020_1000_v3,R5ASIA,Wind,EJ/yr,2060,25.73715522
MESSAGEix-GLOBIOM_1.0,NPi2020_1000_v3,R5MAF,Wind,EJ/yr,2060,11.3304553
MESSAGEix-GLOBIOM_1.0,NPi2020_1000_v3,R5LAM,Wind,EJ/yr,2060,4.915873388
MESSAGEix-GLOBIOM_1.0,NPi2020_1000_v3,R5REF,Wind,EJ/yr,2060,2.503733927
MESSAGEix-GLOBIOM_1.0,NPi2020_1000_v3,R5OECD90+EU,Wind,EJ/yr,2060,14.92632731
MESSAGEix-GLOBIOM_1.0,NPi2020_1000_v3,World,Coal,EJ/yr,2070,2.228406564
MESSAGEix-GLOBIOM_1.0,NPi2020_1000_v3,R5ASIA,Coal,EJ/yr,2070,1.223655527
MESSAGEix-GLOBIOM_1.0,NPi2020_1000_v3,R5MAF,Coal,EJ/yr,2070,0.1175085085
MESSAGEix-GLOBIOM_1.0,NPi2020_1000_v3,R5LAM,Coal,EJ/yr,2070,0
MESSAGEix-GLOBIOM_1.0,NPi2020_1000_v3,R5REF,Coal,EJ/yr,2070,0.1840678626
MESSAGEix-GLOBIOM_1.0,NPi2020_1000_v3,R5OECD90+EU,Coal,EJ/yr,2070,0.7031746667
MESSAGEix-GLOBIOM_1.0,NPi2020_1000_v3,World,Gas,EJ/yr,2070,44.55670794
MESSAGEix-GLOBIOM_1.0,NPi2020_1000_v3,R5ASIA,Gas,EJ/yr,2070,4.385945707
MESSAGEix-GLOBIOM_1.0,NPi2020_1000_v3,R5MAF,Gas,EJ/yr,2070,17.53619349
MESSAGEix-GLOBIOM_1.0,NPi2020_1000_v3,R5LAM,Gas,EJ/yr,2070,3.414660669
MESSAGEix-GLOBIOM_1.0,NPi2020_1000_v3,R5REF,Gas,EJ/yr,2070,1.077236095
MESSAGEix-GLOBIOM_1.0,NPi2020_1000_v3,R5OECD90+EU,Gas,EJ/yr,2070,18.14267198
MESSAGEix-GLOBIOM_1.0,NPi2020_1000_v3,World,Geothermal,EJ/yr,2070,1.470938274
MESSAGEix-GLOBIOM_1.0,NPi2020_1000_v3,R5ASIA,Geothermal,EJ/yr,2070,0.1668489338
MESSAGEix-GLOBIOM_1.0,NPi2020_1000_v3,R5MAF,Geothermal,EJ/yr,2070,0.02077871773
MESSAGEix-GLOBIOM_1.0,NPi2020_1000_v3,R5LAM,Geothermal,EJ/yr,2070,0.003312315301
MESSAGEix-GLOBIOM_1.0,NPi2020_1000_v3,R5REF,Geothermal,EJ/yr,2070,0.0001641574018
MESSAGEix-GLOBIOM_1.0,NPi2020_1000_v3,R5OECD90+EU,Geothermal,EJ/yr,2070,1.279834149
MESSAGEix-GLOBIOM_1.0,NPi2020_1000_v3,World,Hydro,EJ/yr,2070,33.36404864
MESSAGEix-GLOBIOM_1.0,NPi2020_1000_v3,R5ASIA,Hydro,EJ/yr,2070,12.14195381
MESSAGEix-GLOBIOM_1.0,NPi2020_1000_v3,R5MAF,Hydro,EJ/yr,2070,3.102589787
MESSAGEix-GLOBIOM_1.0,NPi2020_1000_v3,R5LAM,Hydro,EJ/yr,2070,7.111008461
MESSAGEix-GLOBIOM_1.0,NPi2020_1000_v3,R5REF,Hydro,EJ/yr,2070,4.790181869
MESSAGEix-GLOBIOM_1.0,NPi2020_1000_v3,R5OECD90+EU,Hydro,EJ/yr,2070,6.218314713
MESSAGEix-GLOBIOM_1.0,NPi2020_1000_v3,World,Nuclear,EJ/yr,2070,88.7981992
MESSAGEix-GLOBIOM_1.0,NPi2020_1000_v3,R5ASIA,Nuclear,EJ/yr,2070,52.53401551
MESSAGEix-GLOBIOM_1.0,NPi2020_1000_v3,R5MAF,Nuclear,EJ/yr,2070,13.28408243
MESSAGEix-GLOBIOM_1.0,NPi2020_1000_v3,R5LAM,Nuclear,EJ/yr,2070,0
MESSAGEix-GLOBIOM_1.0,NPi2020_1000_v3,R5REF,Nuclear,EJ/yr,2070,1.57874645
MESSAGEix-GLOBIOM_1.0,NPi2020_1000_v3,R5OECD90+EU,Nuclear,EJ/yr,2070,21.40135481
MESSAGEix-GLOBIOM_1.0,NPi2020_1000_v3,World,Oil,EJ/yr,2070,0.00002456111899
MESSAGEix-GLOBIOM_1.0,NPi2020_1000_v3,R5ASIA,Oil,EJ/yr,2070,0
MESSAGEix-GLOBIOM_1.0,NPi2020_1000_v3,R5MAF,Oil,EJ/yr,2070,0.00002456111899
MESSAGEix-GLOBIOM_1.0,NPi2020_1000_v3,R5LAM,Oil,EJ/yr,2070,0
MESSAGEix-GLOBIOM_1.0,NPi2020_1000_v3,R5REF,Oil,EJ/yr,2070,0
MESSAGEix-GLOBIOM_1.0,NPi2020_1000_v3,R5OECD90+EU,Oil,EJ/yr,2070,0
MESSAGEix-GLOBIOM_1.0,NPi2020_1000_v3,World,Solar,EJ/yr,2070,44.99430393
MESSAGEix-GLOBIOM_1.0,NPi2020_1000_v3,R5ASIA,Solar,EJ/yr,2070,18.32499249
MESSAGEix-GLOBIOM_1.0,NPi2020_1000_v3,R5MAF,Solar,EJ/yr,2070,9.321016052
MESSAGEix-GLOBIOM_1.0,NPi2020_1000_v3,R5LAM,Solar,EJ/yr,2070,5.171439915
MESSAGEix-GLOBIOM_1.0,NPi2020_1000_v3,R5REF,Solar,EJ/yr,2070,1.331716927
MESSAGEix-GLOBIOM_1.0,NPi2020_1000_v3,R5OECD90+EU,Solar,EJ/yr,2070,10.84513854
MESSAGEix-GLOBIOM_1.0,NPi2020_1000_v3,World,Wind,EJ/yr,2070,76.53734933
MESSAGEix-GLOBIOM_1.0,NPi2020_1000_v3,R5ASIA,Wind,EJ/yr,2070,27.60359206
MESSAGEix-GLOBIOM_1.0,NPi2020_1000_v3,R5MAF,Wind,EJ/yr,2070,19.23420354
MESSAGEix-GLOBIOM_1.0,NPi2020_1000_v3,R5LAM,Wind,EJ/yr,2070,7.069560416
MESSAGEix-GLOBIOM_1.0,NPi2020_1000_v3,R5REF,Wind,EJ/yr,2070,2.973163186
MESSAGEix-GLOBIOM_1.0,NPi2020_1000_v3,R5OECD90+EU,Wind,EJ/yr,2070,19.65683013
MESSAGEix-GLOBIOM_1.0,NPi2020_1000_v3,World,Coal,EJ/yr,2080,2.210591387
MESSAGEix-GLOBIOM_1.0,NPi2020_1000_v3,R5ASIA,Coal,EJ/yr,2080,1.324842804
MESSAGEix-GLOBIOM_1.0,NPi2020_1000_v3,R5MAF,Coal,EJ/yr,2080,0.1604455461
MESSAGEix-GLOBIOM_1.0,NPi2020_1000_v3,R5LAM,Coal,EJ/yr,2080,0
MESSAGEix-GLOBIOM_1.0,NPi2020_1000_v3,R5REF,Coal,EJ/yr,2080,0.1360400365
MESSAGEix-GLOBIOM_1.0,NPi2020_1000_v3,R5OECD90+EU,Coal,EJ/yr,2080,0.5892630009
MESSAGEix-GLOBIOM_1.0,NPi2020_1000_v3,World,Gas,EJ/yr,2080,26.8260033
MESSAGEix-GLOBIOM_1.0,NPi2020_1000_v3,R5ASIA,Gas,EJ/yr,2080,0.02534299533
MESSAGEix-GLOBIOM_1.0,NPi2020_1000_v3,R5MAF,Gas,EJ/yr,2080,14.54494045
MESSAGEix-GLOBIOM_1.0,NPi2020_1000_v3,R5LAM,Gas,EJ/yr,2080,2.209216432
MESSAGEix-GLOBIOM_1.0,NPi2020_1000_v3,R5REF,Gas,EJ/yr,2080,0
MESSAGEix-GLOBIOM_1.0,NPi2020_1000_v3,R5OECD90+EU,Gas,EJ/yr,2080,10.04650342
MESSAGEix-GLOBIOM_1.0,NPi2020_1000_v3,World,Geothermal,EJ/yr,2080,3.217877359
MESSAGEix-GLOBIOM_1.0,NPi2020_1000_v3,R5ASIA,Geothermal,EJ/yr,2080,0.2643764668
MESSAGEix-GLOBIOM_1.0,NPi2020_1000_v3,R5MAF,Geothermal,EJ/yr,2080,0.1202252753
MESSAGEix-GLOBIOM_1.0,NPi2020_1000_v3,R5LAM,Geothermal,EJ/yr,2080,0.1593527185
MESSAGEix-GLOBIOM_1.0,NPi2020_1000_v3,R5REF,Geothermal,EJ/yr,2080,0.001014260641
MESSAGEix-GLOBIOM_1.0,NPi2020_1000_v3,R5OECD90+EU,Geothermal,EJ/yr,2080,2.672908637
MESSAGEix-GLOBIOM_1.0,NPi2020_1000_v3,World,Hydro,EJ/yr,2080,36.36942826
MESSAGEix-GLOBIOM_1.0,NPi2020_1000_v3,R5ASIA,Hydro,EJ/yr,2080,12.15993155
MESSAGEix-GLOBIOM_1.0,NPi2020_1000_v3,R5MAF,Hydro,EJ/yr,2080,3.221810985
MESSAGEix-GLOBIOM_1.0,NPi2020_1000_v3,R5LAM,Hydro,EJ/yr,2080,7.380044653
MESSAGEix-GLOBIOM_1.0,NPi2020_1000_v3,R5REF,Hydro,EJ/yr,2080,7.010819385
MESSAGEix-GLOBIOM_1.0,NPi2020_1000_v3,R5OECD90+EU,Hydro,EJ/yr,2080,6.596821681
MESSAGEix-GLOBIOM_1.0,NPi2020_1000_v3,World,Nuclear,EJ/yr,2080,105.2589321
MESSAGEix-GLOBIOM_1.0,NPi2020_1000_v3,R5ASIA,Nuclear,EJ/yr,2080,60.04111374
MESSAGEix-GLOBIOM_1.0,NPi2020_1000_v3,R5MAF,Nuclear,EJ/yr,2080,20.19647101
MESSAGEix-GLOBIOM_1.0,NPi2020_1000_v3,R5LAM,Nuclear,EJ/yr,2080,0
MESSAGEix-GLOBIOM_1.0,NPi2020_1000_v3,R5REF,Nuclear,EJ/yr,2080,1.484288299
MESSAGEix-GLOBIOM_1.0,NPi2020_1000_v3,R5OECD90+EU,Nuclear,EJ/yr,2080,23.53705901
MESSAGEix-GLOBIOM_1.0,NPi2020_1000_v3,World,Oil,EJ/yr,2080,0
MESSAGEix-GLOBIOM_1.0,NPi2020_1000_v3,R5ASIA,Oil,EJ/yr,2080,0
MESSAGEix-GLOBIOM_1.0,NPi2020_1000_v3,R5MAF,Oil,EJ/yr,2080,0
MESSAGEix-GLOBIOM_1.0,NPi2020_1000_v3,R5LAM,Oil,EJ/yr,2080,0
MESSAGEix-GLOBIOM_1.0,NPi2020_1000_v3,R5REF,Oil,EJ/yr,2080,0
MESSAGEix-GLOBIOM_1.0,NPi2020_1000_v3,R5OECD90+EU,Oil,EJ/yr,2080,0
MESSAGEix-GLOBIOM_1.0,NPi2020_1000_v3,World,Solar,EJ/yr,2080,68.82206583
MESSAGEix-GLOBIOM_1.0,NPi2020_1000_v3,R5ASIA,Solar,EJ/yr,2080,25.63710476
MESSAGEix-GLOBIOM_1.0,NPi2020_1000_v3,R5MAF,Solar,EJ/yr,2080,16.36769988
MESSAGEix-GLOBIOM_1.0,NPi2020_1000_v3,R5LAM,Solar,EJ/yr,2080,7.561234392
MESSAGEix-GLOBIOM_1.0,NPi2020_1000_v3,R5REF,Solar,EJ/yr,2080,2.270699925
MESSAGEix-GLOBIOM_1.0,NPi2020_1000_v3,R5OECD90+EU,Solar,EJ/yr,2080,16.98532687
MESSAGEix-GLOBIOM_1.0,NPi2020_1000_v3,World,Wind,EJ/yr,2080,119.3264318
MESSAGEix-GLOBIOM_1.0,NPi2020_1000_v3,R5ASIA,Wind,EJ/yr,2080,37.7722738
MESSAGEix-GLOBIOM_1.0,NPi2020_1000_v3,R5MAF,Wind,EJ/yr,2080,37.94605948
MESSAGEix-GLOBIOM_1.0,NPi2020_1000_v3,R5LAM,Wind,EJ/yr,2080,9.985052821
MESSAGEix-GLOBIOM_1.0,NPi2020_1000_v3,R5REF,Wind,EJ/yr,2080,3.649219279
MESSAGEix-GLOBIOM_1.0,NPi2020_1000_v3,R5OECD90+EU,Wind,EJ/yr,2080,29.97382643
MESSAGEix-GLOBIOM_1.0,NPi2020_1000_v3,World,Coal,EJ/yr,2090,1.375254317
MESSAGEix-GLOBIOM_1.0,NPi2020_1000_v3,R5ASIA,Coal,EJ/yr,2090,0.9483860868
MESSAGEix-GLOBIOM_1.0,NPi2020_1000_v3,R5MAF,Coal,EJ/yr,2090,0.1301657072
MESSAGEix-GLOBIOM_1.0,NPi2020_1000_v3,R5LAM,Coal,EJ/yr,2090,0
MESSAGEix-GLOBIOM_1.0,NPi2020_1000_v3,R5REF,Coal,EJ/yr,2090,0.05512454709
MESSAGEix-GLOBIOM_1.0,NPi2020_1000_v3,R5OECD90+EU,Coal,EJ/yr,2090,0.2415779763
MESSAGEix-GLOBIOM_1.0,NPi2020_1000_v3,World,Gas,EJ/yr,2090,16.28181334
MESSAGEix-GLOBIOM_1.0,NPi2020_1000_v3,R5ASIA,Gas,EJ/yr,2090,0
MESSAGEix-GLOBIOM_1.0,NPi2020_1000_v3,R5MAF,Gas,EJ/yr,2090,10.9181682
MESSAGEix-GLOBIOM_1.0,NPi2020_1000_v3,R5LAM,Gas,EJ/yr,2090,1.235455856
MESSAGEix-GLOBIOM_1.0,NPi2020_1000_v3,R5REF,Gas,EJ/yr,2090,0
MESSAGEix-GLOBIOM_1.0,NPi2020_1000_v3,R5OECD90+EU,Gas,EJ/yr,2090,4.128189286
MESSAGEix-GLOBIOM_1.0,NPi2020_1000_v3,World,Geothermal,EJ/yr,2090,4.782218395
MESSAGEix-GLOBIOM_1.0,NPi2020_1000_v3,R5ASIA,Geothermal,EJ/yr,2090,0.5964918768
MESSAGEix-GLOBIOM_1.0,NPi2020_1000_v3,R5MAF,Geothermal,EJ/yr,2090,0.1420180868
MESSAGEix-GLOBIOM_1.0,NPi2020_1000_v3,R5LAM,Geothermal,EJ/yr,2090,0.3651446191
MESSAGEix-GLOBIOM_1.0,NPi2020_1000_v3,R5REF,Geothermal,EJ/yr,2090,0.1348244589
MESSAGEix-GLOBIOM_1.0,NPi2020_1000_v3,R5OECD90+EU,Geothermal,EJ/yr,2090,3.543739354
MESSAGEix-GLOBIOM_1.0,NPi2020_1000_v3,World,Hydro,EJ/yr,2090,37.48679484
MESSAGEix-GLOBIOM_1.0,NPi2020_1000_v3,R5ASIA,Hydro,EJ/yr,2090,12.16781655
MESSAGEix-GLOBIOM_1.0,NPi2020_1000_v3,R5MAF,Hydro,EJ/yr,2090,3.290568183
MESSAGEix-GLOBIOM_1.0,NPi2020_1000_v3,R5LAM,Hydro,EJ/yr,2090,7.557614887
MESSAGEix-GLOBIOM_1.0,NPi2020_1000_v3,R5REF,Hydro,EJ/yr,2090,7.744016131
MESSAGEix-GLOBIOM_1.0,NPi2020_1000_v3,R5OECD90+EU,Hydro,EJ/yr,2090,6.726779084
MESSAGEix-GLOBIOM_1.0,NPi2020_1000_v3,World,Nuclear,EJ/yr,2090,123.5546898
MESSAGEix-GLOBIOM_1.0,NPi2020_1000_v3,R5ASIA,Nuclear,EJ/yr,2090,70.98926953
MESSAGEix-GLOBIOM_1.0,NPi2020_1000_v3,R5MAF,Nuclear,EJ/yr,2090,27.29822137
MESSAGEix-GLOBIOM_1.0,NPi2020_1000_v3,R5LAM,Nuclear,EJ/yr,2090,0
MESSAGEix-GLOBIOM_1.0,NPi2020_1000_v3,R5REF,Nuclear,EJ/yr,2090,1.533032485
MESSAGEix-GLOBIOM_1.0,NPi2020_1000_v3,R5OECD90+EU,Nuclear,EJ/yr,2090,23.73416637
MESSAGEix-GLOBIOM_1.0,NPi2020_1000_v3,World,Oil,EJ/yr,2090,0
MESSAGEix-GLOBIOM_1.0,NPi2020_1000_v3,R5ASIA,Oil,EJ/yr,2090,0
MESSAGEix-GLOBIOM_1.0,NPi2020_1000_v3,R5MAF,Oil,EJ/yr,2090,0
MESSAGEix-GLOBIOM_1.0,NPi2020_1000_v3,R5LAM,Oil,EJ/yr,2090,0
MESSAGEix-GLOBIOM_1.0,NPi2020_1000_v3,R5REF,Oil,EJ/yr,2090,0
MESSAGEix-GLOBIOM_1.0,NPi2020_1000_v3,R5OECD90+EU,Oil,EJ/yr,2090,0
MESSAGEix-GLOBIOM_1.0,NPi2020_1000_v3,World,Solar,EJ/yr,2090,101.0309343
MESSAGEix-GLOBIOM_1.0,NPi2020_1000_v3,R5ASIA,Solar,EJ/yr,2090,33.81399363
MESSAGEix-GLOBIOM_1.0,NPi2020_1000_v3,R5MAF,Solar,EJ/yr,2090,27.59414363
MESSAGEix-GLOBIOM_1.0,NPi2020_1000_v3,R5LAM,Solar,EJ/yr,2090,10.78369856
MESSAGEix-GLOBIOM_1.0,NPi2020_1000_v3,R5REF,Solar,EJ/yr,2090,3.754141172
MESSAGEix-GLOBIOM_1.0,NPi2020_1000_v3,R5OECD90+EU,Solar,EJ/yr,2090,25.08495734
MESSAGEix-GLOBIOM_1.0,NPi2020_1000_v3,World,Wind,EJ/yr,2090,172.6388913
MESSAGEix-GLOBIOM_1.0,NPi2020_1000_v3,R5ASIA,Wind,EJ/yr,2090,46.79304728
MESSAGEix-GLOBIOM_1.0,NPi2020_1000_v3,R5MAF,Wind,EJ/yr,2090,59.01837288
MESSAGEix-GLOBIOM_1.0,NPi2020_1000_v3,R5LAM,Wind,EJ/yr,2090,14.48036187
MESSAGEix-GLOBIOM_1.0,NPi2020_1000_v3,R5REF,Wind,EJ/yr,2090,5.525888532
MESSAGEix-GLOBIOM_1.0,NPi2020_1000_v3,R5OECD90+EU,Wind,EJ/yr,2090,46.82122072
MESSAGEix-GLOBIOM_1.0,NPi2020_1000_v3,World,Coal,EJ/yr,2100,0.5917322242
MESSAGEix-GLOBIOM_1.0,NPi2020_1000_v3,R5ASIA,Coal,EJ/yr,2100,0.4881876678
MESSAGEix-GLOBIOM_1.0,NPi2020_1000_v3,R5MAF,Coal,EJ/yr,2100,0.04913718071
MESSAGEix-GLOBIOM_1.0,NPi2020_1000_v3,R5LAM,Coal,EJ/yr,2100,0
MESSAGEix-GLOBIOM_1.0,NPi2020_1000_v3,R5REF,Coal,EJ/yr,2100,0.0001229845582
MESSAGEix-GLOBIOM_1.0,NPi2020_1000_v3,R5OECD90+EU,Coal,EJ/yr,2100,0.0542843911
MESSAGEix-GLOBIOM_1.0,NPi2020_1000_v3,World,Gas,EJ/yr,2100,3.404056603
MESSAGEix-GLOBIOM_1.0,NPi2020_1000_v3,R5ASIA,Gas,EJ/yr,2100,0
MESSAGEix-GLOBIOM_1.0,NPi2020_1000_v3,R5MAF,Gas,EJ/yr,2100,2.130786816
MESSAGEix-GLOBIOM_1.0,NPi2020_1000_v3,R5LAM,Gas,EJ/yr,2100,0.6033648851
MESSAGEix-GLOBIOM_1.0,NPi2020_1000_v3,R5REF,Gas,EJ/yr,2100,0
MESSAGEix-GLOBIOM_1.0,NPi2020_1000_v3,R5OECD90+EU,Gas,EJ/yr,2100,0.6699049027
MESSAGEix-GLOBIOM_1.0,NPi2020_1000_v3,World,Geothermal,EJ/yr,2100,6.245665968
MESSAGEix-GLOBIOM_1.0,NPi2020_1000_v3,R5ASIA,Geothermal,EJ/yr,2100,0.7578164805
MESSAGEix-GLOBIOM_1.0,NPi2020_1000_v3,R5MAF,Geothermal,EJ/yr,2100,0.140672319
MESSAGEix-GLOBIOM_1.0,NPi2020_1000_v3,R5LAM,Geothermal,EJ/yr,2100,0.6106450487
MESSAGEix-GLOBIOM_1.0,NPi2020_1000_v3,R5REF,Geothermal,EJ/yr,2100,0.3044753543
MESSAGEix-GLOBIOM_1.0,NPi2020_1000_v3,R5OECD90+EU,Geothermal,EJ/yr,2100,4.432056765
MESSAGEix-GLOBIOM_1.0,NPi2020_1000_v3,World,Hydro,EJ/yr,2100,37.92363332
MESSAGEix-GLOBIOM_1.0,NPi2020_1000_v3,R5ASIA,Hydro,EJ/yr,2100,12.17128597
MESSAGEix-GLOBIOM_1.0,NPi2020_1000_v3,R5MAF,Hydro,EJ/yr,2100,3.329046984
MESSAGEix-GLOBIOM_1.0,NPi2020_1000_v3,R5LAM,Hydro,EJ/yr,2100,7.672420467
MESSAGEix-GLOBIOM_1.0,NPi2020_1000_v3,R5REF,Hydro,EJ/yr,2100,7.962903733
MESSAGEix-GLOBIOM_1.0,NPi2020_1000_v3,R5OECD90+EU,Hydro,EJ/yr,2100,6.787976165
MESSAGEix-GLOBIOM_1.0,NPi2020_1000_v3,World,Nuclear,EJ/yr,2100,126.1242079
MESSAGEix-GLOBIOM_1.0,NPi2020_1000_v3,R5ASIA,Nuclear,EJ/yr,2100,75.18020897
MESSAGEix-GLOBIOM_1.0,NPi2020_1000_v3,R5MAF,Nuclear,EJ/yr,2100,28.57570022
MESSAGEix-GLOBIOM_1.0,NPi2020_1000_v3,R5LAM,Nuclear,EJ/yr,2100,0
MESSAGEix-GLOBIOM_1.0,NPi2020_1000_v3,R5REF,Nuclear,EJ/yr,2100,1.379217562
MESSAGEix-GLOBIOM_1.0,NPi2020_1000_v3,R5OECD90+EU,Nuclear,EJ/yr,2100,20.9890812
MESSAGEix-GLOBIOM_1.0,NPi2020_1000_v3,World,Oil,EJ/yr,2100,0
MESSAGEix-GLOBIOM_1.0,NPi2020_1000_v3,R5ASIA,Oil,EJ/yr,2100,0
MESSAGEix-GLOBIOM_1.0,NPi2020_1000_v3,R5MAF,Oil,EJ/yr,2100,0
MESSAGEix-GLOBIOM_1.0,NPi2020_1000_v3,R5LAM,Oil,EJ/yr,2100,0
MESSAGEix-GLOBIOM_1.0,NPi2020_1000_v3,R5REF,Oil,EJ/yr,2100,0
MESSAGEix-GLOBIOM_1.0,NPi2020_1000_v3,R5OECD90+EU,Oil,EJ/yr,2100,0
MESSAGEix-GLOBIOM_1.0,NPi2020_1000_v3,World,Solar,EJ/yr,2100,142.2155469
MESSAGEix-GLOBIOM_1.0,NPi2020_1000_v3,R5ASIA,Solar,EJ/yr,2100,41.46135432
MESSAGEix-GLOBIOM_1.0,NPi2020_1000_v3,R5MAF,Solar,EJ/yr,2100,45.93480423
MESSAGEix-GLOBIOM_1.0,NPi2020_1000_v3,R5LAM,Solar,EJ/yr,2100,15.87073622
MESSAGEix-GLOBIOM_1.0,NPi2020_1000_v3,R5REF,Solar,EJ/yr,2100,5.364130287
MESSAGEix-GLOBIOM_1.0,NPi2020_1000_v3,R5OECD90+EU,Solar,EJ/yr,2100,33.58452186
MESSAGEix-GLOBIOM_1.0,NPi2020_1000_v3,World,Wind,EJ/yr,2100,225.6779564
MESSAGEix-GLOBIOM_1.0,NPi2020_1000_v3,R5ASIA,Wind,EJ/yr,2100,59.52521762
MESSAGEix-GLOBIOM_1.0,NPi2020_1000_v3,R5MAF,Wind,EJ/yr,2100,75.73941702
MESSAGEix-GLOBIOM_1.0,NPi2020_1000_v3,R5LAM,Wind,EJ/yr,2100,20.79909736
MESSAGEix-GLOBIOM_1.0,NPi2020_1000_v3,R5REF,Wind,EJ/yr,2100,8.959874691
MESSAGEix-GLOBIOM_1.0,NPi2020_1000_v3,R5OECD90+EU,Wind,EJ/yr,2100,60.65434975
MESSAGEix-GLOBIOM_1.0,NPi2020_400_v3,World,Coal,EJ/yr,2010,31.06073684
MESSAGEix-GLOBIOM_1.0,NPi2020_400_v3,R5ASIA,Coal,EJ/yr,2010,15.80702191
MESSAGEix-GLOBIOM_1.0,NPi2020_400_v3,R5MAF,Coal,EJ/yr,2010,1.079943173
MESSAGEix-GLOBIOM_1.0,NPi2020_400_v3,R5LAM,Coal,EJ/yr,2010,0.2523200526
MESSAGEix-GLOBIOM_1.0,NPi2020_400_v3,R5REF,Coal,EJ/yr,2010,1.120616048
MESSAGEix-GLOBIOM_1.0,NPi2020_400_v3,R5OECD90+EU,Coal,EJ/yr,2010,12.80083565
MESSAGEix-GLOBIOM_1.0,NPi2020_400_v3,World,Gas,EJ/yr,2010,16.24323642
MESSAGEix-GLOBIOM_1.0,NPi2020_400_v3,R5ASIA,Gas,EJ/yr,2010,2.65751557
MESSAGEix-GLOBIOM_1.0,NPi2020_400_v3,R5MAF,Gas,EJ/yr,2010,2.834046297
MESSAGEix-GLOBIOM_1.0,NPi2020_400_v3,R5LAM,Gas,EJ/yr,2010,1.305353292
MESSAGEix-GLOBIOM_1.0,NPi2020_400_v3,R5REF,Gas,EJ/yr,2010,2.038578279
MESSAGEix-GLOBIOM_1.0,NPi2020_400_v3,R5OECD90+EU,Gas,EJ/yr,2010,7.407742977
MESSAGEix-GLOBIOM_1.0,NPi2020_400_v3,World,Geothermal,EJ/yr,2010,0.3578415539
MESSAGEix-GLOBIOM_1.0,NPi2020_400_v3,R5ASIA,Geothermal,EJ/yr,2010,0.153183592
MESSAGEix-GLOBIOM_1.0,NPi2020_400_v3,R5MAF,Geothermal,EJ/yr,2010,0.006150297424
MESSAGEix-GLOBIOM_1.0,NPi2020_400_v3,R5LAM,Geothermal,EJ/yr,2010,0.04596955692
MESSAGEix-GLOBIOM_1.0,NPi2020_400_v3,R5REF,Geothermal,EJ/yr,2010,0.001277368566
MESSAGEix-GLOBIOM_1.0,NPi2020_400_v3,R5OECD90+EU,Geothermal,EJ/yr,2010,0.151260739
MESSAGEix-GLOBIOM_1.0,NPi2020_400_v3,World,Hydro,EJ/yr,2010,12.85671186
MESSAGEix-GLOBIOM_1.0,NPi2020_400_v3,R5ASIA,Hydro,EJ/yr,2010,3.659621038
MESSAGEix-GLOBIOM_1.0,NPi2020_400_v3,R5MAF,Hydro,EJ/yr,2010,0.4954934689
MESSAGEix-GLOBIOM_1.0,NPi2020_400_v3,R5LAM,Hydro,EJ/yr,2010,2.662481373
MESSAGEix-GLOBIOM_1.0,NPi2020_400_v3,R5REF,Hydro,EJ/yr,2010,0.9736896371
MESSAGEix-GLOBIOM_1.0,NPi2020_400_v3,R5OECD90+EU,Hydro,EJ/yr,2010,5.065426341
MESSAGEix-GLOBIOM_1.0,NPi2020_400_v3,World,Nuclear,EJ/yr,2010,9.703582614
MESSAGEix-GLOBIOM_1.0,NPi2020_400_v3,R5ASIA,Nuclear,EJ/yr,2010,1.031937958
MESSAGEix-GLOBIOM_1.0,NPi2020_400_v3,R5MAF,Nuclear,EJ/yr,2010,0.04144339866
MESSAGEix-GLOBIOM_1.0,NPi2020_400_v3,R5LAM,Nuclear,EJ/yr,2010,0.1001958964
MESSAGEix-GLOBIOM_1.0,NPi2020_400_v3,R5REF,Nuclear,EJ/yr,2010,0.8288711506
MESSAGEix-GLOBIOM_1.0,NPi2020_400_v3,R5OECD90+EU,Nuclear,EJ/yr,2010,7.701134211
MESSAGEix-GLOBIOM_1.0,NPi2020_400_v3,World,Oil,EJ/yr,2010,2.549096917
MESSAGEix-GLOBIOM_1.0,NPi2020_400_v3,R5ASIA,Oil,EJ/yr,2010,0.4846683998
MESSAGEix-GLOBIOM_1.0,NPi2020_400_v3,R5MAF,Oil,EJ/yr,2010,1.174738165
MESSAGEix-GLOBIOM_1.0,NPi2020_400_v3,R5LAM,Oil,EJ/yr,2010,0.2440094608
MESSAGEix-GLOBIOM_1.0,NPi2020_400_v3,R5REF,Oil,EJ/yr,2010,0.09352121146
MESSAGEix-GLOBIOM_1.0,NPi2020_400_v3,R5OECD90+EU,Oil,EJ/yr,2010,0.5521596797
MESSAGEix-GLOBIOM_1.0,NPi2020_400_v3,World,Solar,EJ/yr,2010,0.2479116393
MESSAGEix-GLOBIOM_1.0,NPi2020_400_v3,R5ASIA,Solar,EJ/yr,2010,0.005393576207
MESSAGEix-GLOBIOM_1.0,NPi2020_400_v3,R5MAF,Solar,EJ/yr,2010,0.01043185464
MESSAGEix-GLOBIOM_1.0,NPi2020_400_v3,R5LAM,Solar,EJ/yr,2010,0.0006623399323
MESSAGEix-GLOBIOM_1.0,NPi2020_400_v3,R5REF,Solar,EJ/yr,2010,0
MESSAGEix-GLOBIOM_1.0,NPi2020_400_v3,R5OECD90+EU,Solar,EJ/yr,2010,0.2314238686
MESSAGEix-GLOBIOM_1.0,NPi2020_400_v3,World,Wind,EJ/yr,2010,1.656163047
MESSAGEix-GLOBIOM_1.0,NPi2020_400_v3,R5ASIA,Wind,EJ/yr,2010,0.1850615838
MESSAGEix-GLOBIOM_1.0,NPi2020_400_v3,R5MAF,Wind,EJ/yr,2010,0.03854196482
MESSAGEix-GLOBIOM_1.0,NPi2020_400_v3,R5LAM,Wind,EJ/yr,2010,0
MESSAGEix-GLOBIOM_1.0,NPi2020_400_v3,R5REF,Wind,EJ/yr,2010,0
MESSAGEix-GLOBIOM_1.0,NPi2020_400_v3,R5OECD90+EU,Wind,EJ/yr,2010,1.432559499
MESSAGEix-GLOBIOM_1.0,NPi2020_400_v3,World,Coal,EJ/yr,2020,27.42234573
MESSAGEix-GLOBIOM_1.0,NPi2020_400_v3,R5ASIA,Coal,EJ/yr,2020,16.52101202
MESSAGEix-GLOBIOM_1.0,NPi2020_400_v3,R5MAF,Coal,EJ/yr,2020,1.319853123
MESSAGEix-GLOBIOM_1.0,NPi2020_400_v3,R5LAM,Coal,EJ/yr,2020,0.2121587572
MESSAGEix-GLOBIOM_1.0,NPi2020_400_v3,R5REF,Coal,EJ/yr,2020,0.8904832486
MESSAGEix-GLOBIOM_1.0,NPi2020_400_v3,R5OECD90+EU,Coal,EJ/yr,2020,8.478838583
MESSAGEix-GLOBIOM_1.0,NPi2020_400_v3,World,Gas,EJ/yr,2020,32.12260647
MESSAGEix-GLOBIOM_1.0,NPi2020_400_v3,R5ASIA,Gas,EJ/yr,2020,7.380619431
MESSAGEix-GLOBIOM_1.0,NPi2020_400_v3,R5MAF,Gas,EJ/yr,2020,4.980538064
MESSAGEix-GLOBIOM_1.0,NPi2020_400_v3,R5LAM,Gas,EJ/yr,2020,2.558863877
MESSAGEix-GLOBIOM_1.0,NPi2020_400_v3,R5REF,Gas,EJ/yr,2020,3.431331431
MESSAGEix-GLOBIOM_1.0,NPi2020_400_v3,R5OECD90+EU,Gas,EJ/yr,2020,13.77125367
MESSAGEix-GLOBIOM_1.0,NPi2020_400_v3,World,Geothermal,EJ/yr,2020,0.2392423393
MESSAGEix-GLOBIOM_1.0,NPi2020_400_v3,R5ASIA,Geothermal,EJ/yr,2020,0.09174714939
MESSAGEix-GLOBIOM_1.0,NPi2020_400_v3,R5MAF,Geothermal,EJ/yr,2020,0.003516869257
MESSAGEix-GLOBIOM_1.0,NPi2020_400_v3,R5LAM,Geothermal,EJ/yr,2020,0.02752367113
MESSAGEix-GLOBIOM_1.0,NPi2020_400_v3,R5REF,Geothermal,EJ/yr,2020,0.0007760929356
MESSAGEix-GLOBIOM_1.0,NPi2020_400_v3,R5OECD90+EU,Geothermal,EJ/yr,2020,0.1156785566
MESSAGEix-GLOBIOM_1.0,NPi2020_400_v3,World,Hydro,EJ/yr,2020,15.80198983
MESSAGEix-GLOBIOM_1.0,NPi2020_400_v3,R5ASIA,Hydro,EJ/yr,2020,6.044438068
MESSAGEix-GLOBIOM_1.0,NPi2020_400_v3,R5MAF,Hydro,EJ/yr,2020,0.6882028052
MESSAGEix-GLOBIOM_1.0,NPi2020_400_v3,R5LAM,Hydro,EJ/yr,2020,2.826614759
MESSAGEix-GLOBIOM_1.0,NPi2020_400_v3,R5REF,Hydro,EJ/yr,2020,0.9736896268
MESSAGEix-GLOBIOM_1.0,NPi2020_400_v3,R5OECD90+EU,Hydro,EJ/yr,2020,5.269044576
MESSAGEix-GLOBIOM_1.0,NPi2020_400_v3,World,Nuclear,EJ/yr,2020,10.67804479
MESSAGEix-GLOBIOM_1.0,NPi2020_400_v3,R5ASIA,Nuclear,EJ/yr,2020,2.532496404
MESSAGEix-GLOBIOM_1.0,NPi2020_400_v3,R5MAF,Nuclear,EJ/yr,2020,0.03958048409
MESSAGEix-GLOBIOM_1.0,NPi2020_400_v3,R5LAM,Nuclear,EJ/yr,2020,0.1001962705
MESSAGEix-GLOBIOM_1.0,NPi2020_400_v3,R5REF,Nuclear,EJ/yr,2020,0.3834357447
MESSAGEix-GLOBIOM_1.0,NPi2020_400_v3,R5OECD90+EU,Nuclear,EJ/yr,2020,7.622335891
MESSAGEix-GLOBIOM_1.0,NPi2020_400_v3,World,Oil,EJ/yr,2020,1.137887923
MESSAGEix-GLOBIOM_1.0,NPi2020_400_v3,R5ASIA,Oil,EJ/yr,2020,0.2083906778
MESSAGEix-GLOBIOM_1.0,NPi2020_400_v3,R5MAF,Oil,EJ/yr,2020,0.6928472927
MESSAGEix-GLOBIOM_1.0,NPi2020_400_v3,R5LAM,Oil,EJ/yr,2020,0.08719387317
MESSAGEix-GLOBIOM_1.0,NPi2020_400_v3,R5REF,Oil,EJ/yr,2020,0
MESSAGEix-GLOBIOM_1.0,NPi2020_400_v3,R5OECD90+EU,Oil,EJ/yr,2020,0.149456079
MESSAGEix-GLOBIOM_1.0,NPi2020_400_v3,World,Solar,EJ/yr,2020,1.505883323
MESSAGEix-GLOBIOM_1.0,NPi2020_400_v3,R5ASIA,Solar,EJ/yr,2020,0.7263031184
MESSAGEix-GLOBIOM_1.0,NPi2020_400_v3,R5MAF,Solar,EJ/yr,2020,0.009272759757
MESSAGEix-GLOBIOM_1.0,NPi2020_400_v3,R5LAM,Solar,EJ/yr,2020,0.0004415599843
MESSAGEix-GLOBIOM_1.0,NPi2020_400_v3,R5REF,Solar,EJ/yr,2020,0.009108752036
MESSAGEix-GLOBIOM_1.0,NPi2020_400_v3,R5OECD90+EU,Solar,EJ/yr,2020,0.7607571329
MESSAGEix-GLOBIOM_1.0,NPi2020_400_v3,World,Wind,EJ/yr,2020,8.933960334
MESSAGEix-GLOBIOM_1.0,NPi2020_400_v3,R5ASIA,Wind,EJ/yr,2020,2.903845603
MESSAGEix-GLOBIOM_1.0,NPi2020_400_v3,R5MAF,Wind,EJ/yr,2020,0.4307215934
MESSAGEix-GLOBIOM_1.0,NPi2020_400_v3,R5LAM,Wind,EJ/yr,2020,0.2900975191
MESSAGEix-GLOBIOM_1.0,NPi2020_400_v3,R5REF,Wind,EJ/yr,2020,0.0374695198
MESSAGEix-GLOBIOM_1.0,NPi2020_400_v3,R5OECD90+EU,Wind,EJ/yr,2020,5.271826098
MESSAGEix-GLOBIOM_1.0,NPi2020_400_v3,World,Coal,EJ/yr,2030,4.554660766
MESSAGEix-GLOBIOM_1.0,NPi2020_400_v3,R5ASIA,Coal,EJ/yr,2030,3.441376758
MESSAGEix-GLOBIOM_1.0,NPi2020_400_v3,R5MAF,Coal,EJ/yr,2030,0.584573916
MESSAGEix-GLOBIOM_1.0,NPi2020_400_v3,R5LAM,Coal,EJ/yr,2030,0.05586636605
MESSAGEix-GLOBIOM_1.0,NPi2020_400_v3,R5REF,Coal,EJ/yr,2030,0.007615103538
MESSAGEix-GLOBIOM_1.0,NPi2020_400_v3,R5OECD90+EU,Coal,EJ/yr,2030,0.4652286227
MESSAGEix-GLOBIOM_1.0,NPi2020_400_v3,World,Gas,EJ/yr,2030,42.91645322
MESSAGEix-GLOBIOM_1.0,NPi2020_400_v3,R5ASIA,Gas,EJ/yr,2030,11.96275803
MESSAGEix-GLOBIOM_1.0,NPi2020_400_v3,R5MAF,Gas,EJ/yr,2030,6.659681568
MESSAGEix-GLOBIOM_1.0,NPi2020_400_v3,R5LAM,Gas,EJ/yr,2030,1.72310051
MESSAGEix-GLOBIOM_1.0,NPi2020_400_v3,R5REF,Gas,EJ/yr,2030,3.167079573
MESSAGEix-GLOBIOM_1.0,NPi2020_400_v3,R5OECD90+EU,Gas,EJ/yr,2030,19.40383354
MESSAGEix-GLOBIOM_1.0,NPi2020_400_v3,World,Geothermal,EJ/yr,2030,1.039749929
MESSAGEix-GLOBIOM_1.0,NPi2020_400_v3,R5ASIA,Geothermal,EJ/yr,2030,0.1762381208
MESSAGEix-GLOBIOM_1.0,NPi2020_400_v3,R5MAF,Geothermal,EJ/yr,2030,0.003761143744
MESSAGEix-GLOBIOM_1.0,NPi2020_400_v3,R5LAM,Geothermal,EJ/yr,2030,0.02633632858
MESSAGEix-GLOBIOM_1.0,NPi2020_400_v3,R5REF,Geothermal,EJ/yr,2030,0.001192211194
MESSAGEix-GLOBIOM_1.0,NPi2020_400_v3,R5OECD90+EU,Geothermal,EJ/yr,2030,0.8322221248
MESSAGEix-GLOBIOM_1.0,NPi2020_400_v3,World,Hydro,EJ/yr,2030,24.37689943
MESSAGEix-GLOBIOM_1.0,NPi2020_400_v3,R5ASIA,Hydro,EJ/yr,2030,9.709176682
MESSAGEix-GLOBIOM_1.0,NPi2020_400_v3,R5MAF,Hydro,EJ/yr,2030,1.703820696
MESSAGEix-GLOBIOM_1.0,NPi2020_400_v3,R5LAM,Hydro,EJ/yr,2030,4.589069925
MESSAGEix-GLOBIOM_1.0,NPi2020_400_v3,R5REF,Hydro,EJ/yr,2030,2.864448508
MESSAGEix-GLOBIOM_1.0,NPi2020_400_v3,R5OECD90+EU,Hydro,EJ/yr,2030,5.510383619
MESSAGEix-GLOBIOM_1.0,NPi2020_400_v3,World,Nuclear,EJ/yr,2030,19.68743681
MESSAGEix-GLOBIOM_1.0,NPi2020_400_v3,R5ASIA,Nuclear,EJ/yr,2030,7.194703378
MESSAGEix-GLOBIOM_1.0,NPi2020_400_v3,R5MAF,Nuclear,EJ/yr,2030,0.7263057088
MESSAGEix-GLOBIOM_1.0,NPi2020_400_v3,R5LAM,Nuclear,EJ/yr,2030,0.3330080174
MESSAGEix-GLOBIOM_1.0,NPi2020_400_v3,R5REF,Nuclear,EJ/yr,2030,1.021905049
MESSAGEix-GLOBIOM_1.0,NPi2020_400_v3,R5OECD90+EU,Nuclear,EJ/yr,2030,10.41151466
MESSAGEix-GLOBIOM_1.0,NPi2020_400_v3,World,Oil,EJ/yr,2030,0.6093842813
MESSAGEix-GLOBIOM_1.0,NPi2020_400_v3,R5ASIA,Oil,EJ/yr,2030,0.09332292688
MESSAGEix-GLOBIOM_1.0,NPi2020_400_v3,R5MAF,Oil,EJ/yr,2030,0.3975307353
MESSAGEix-GLOBIOM_1.0,NPi2020_400_v3,R5LAM,Oil,EJ/yr,2030,0.04695745043
MESSAGEix-GLOBIOM_1.0,NPi2020_400_v3,R5REF,Oil,EJ/yr,2030,0
MESSAGEix-GLOBIOM_1.0,NPi2020_400_v3,R5OECD90+EU,Oil,EJ/yr,2030,0.0715731687
MESSAGEix-GLOBIOM_1.0,NPi2020_400_v3,World,Solar,EJ/yr,2030,8.17605227
MESSAGEix-GLOBIOM_1.0,NPi2020_400_v3,R5ASIA,Solar,EJ/yr,2030,5.451661056
MESSAGEix-GLOBIOM_1.0,NPi2020_400_v3,R5MAF,Solar,EJ/yr,2030,0.4061508034
MESSAGEix-GLOBIOM_1.0,NPi2020_400_v3,R5LAM,Solar,EJ/yr,2030,0.4581290551
MESSAGEix-GLOBIOM_1.0,NPi2020_400_v3,R5REF,Solar,EJ/yr,2030,0.06163308893
MESSAGEix-GLOBIOM_1.0,NPi2020_400_v3,R5OECD90+EU,Solar,EJ/yr,2030,1.798478267
MESSAGEix-GLOBIOM_1.0,NPi2020_400_v3,World,Wind,EJ/yr,2030,22.08820825
MESSAGEix-GLOBIOM_1.0,NPi2020_400_v3,R5ASIA,Wind,EJ/yr,2030,10.51929399
MESSAGEix-GLOBIOM_1.0,NPi2020_400_v3,R5MAF,Wind,EJ/yr,2030,2.217806035
MESSAGEix-GLOBIOM_1.0,NPi2020_400_v3,R5LAM,Wind,EJ/yr,2030,1.16504883
MESSAGEix-GLOBIOM_1.0,NPi2020_400_v3,R5REF,Wind,EJ/yr,2030,0.3498244084
MESSAGEix-GLOBIOM_1.0,NPi2020_400_v3,R5OECD90+EU,Wind,EJ/yr,2030,7.836234986
MESSAGEix-GLOBIOM_1.0,NPi2020_400_v3,World,Coal,EJ/yr,2040,2.031514914
MESSAGEix-GLOBIOM_1.0,NPi2020_400_v3,R5ASIA,Coal,EJ/yr,2040,1.324590356
MESSAGEix-GLOBIOM_1.0,NPi2020_400_v3,R5MAF,Coal,EJ/yr,2040,0.3147925221
MESSAGEix-GLOBIOM_1.0,NPi2020_400_v3,R5LAM,Coal,EJ/yr,2040,0.02960142651
MESSAGEix-GLOBIOM_1.0,NPi2020_400_v3,R5REF,Coal,EJ/yr,2040,0.02405554075
MESSAGEix-GLOBIOM_1.0,NPi2020_400_v3,R5OECD90+EU,Coal,EJ/yr,2040,0.3384750684
MESSAGEix-GLOBIOM_1.0,NPi2020_400_v3,World,Gas,EJ/yr,2040,47.88973371
MESSAGEix-GLOBIOM_1.0,NPi2020_400_v3,R5ASIA,Gas,EJ/yr,2040,12.94862571
MESSAGEix-GLOBIOM_1.0,NPi2020_400_v3,R5MAF,Gas,EJ/yr,2040,10.65550619
MESSAGEix-GLOBIOM_1.0,NPi2020_400_v3,R5LAM,Gas,EJ/yr,2040,2.466213788
MESSAGEix-GLOBIOM_1.0,NPi2020_400_v3,R5REF,Gas,EJ/yr,2040,2.319033122
MESSAGEix-GLOBIOM_1.0,NPi2020_400_v3,R5OECD90+EU,Gas,EJ/yr,2040,19.50035489
MESSAGEix-GLOBIOM_1.0,NPi2020_400_v3,World,Geothermal,EJ/yr,2040,2.979719381
MESSAGEix-GLOBIOM_1.0,NPi2020_400_v3,R5ASIA,Geothermal,EJ/yr,2040,0.2730587381
MESSAGEix-GLOBIOM_1.0,NPi2020_400_v3,R5MAF,Geothermal,EJ/yr,2040,0.01568637861
MESSAGEix-GLOBIOM_1.0,NPi2020_400_v3,R5LAM,Geothermal,EJ/yr,2040,0.01576810531
MESSAGEix-GLOBIOM_1.0,NPi2020_400_v3,R5REF,Geothermal,EJ/yr,2040,0.0007313470508
MESSAGEix-GLOBIOM_1.0,NPi2020_400_v3,R5OECD90+EU,Geothermal,EJ/yr,2040,2.674474812
MESSAGEix-GLOBIOM_1.0,NPi2020_400_v3,World,Hydro,EJ/yr,2040,28.90926206
MESSAGEix-GLOBIOM_1.0,NPi2020_400_v3,R5ASIA,Hydro,EJ/yr,2040,10.95696597
MESSAGEix-GLOBIOM_1.0,NPi2020_400_v3,R5MAF,Hydro,EJ/yr,2040,2.006239072
MESSAGEix-GLOBIOM_1.0,NPi2020_400_v3,R5LAM,Hydro,EJ/yr,2040,5.449481169
MESSAGEix-GLOBIOM_1.0,NPi2020_400_v3,R5REF,Hydro,EJ/yr,2040,4.583392788
MESSAGEix-GLOBIOM_1.0,NPi2020_400_v3,R5OECD90+EU,Hydro,EJ/yr,2040,5.91318306
MESSAGEix-GLOBIOM_1.0,NPi2020_400_v3,World,Nuclear,EJ/yr,2040,32.99906426
MESSAGEix-GLOBIOM_1.0,NPi2020_400_v3,R5ASIA,Nuclear,EJ/yr,2040,14.76639107
MESSAGEix-GLOBIOM_1.0,NPi2020_400_v3,R5MAF,Nuclear,EJ/yr,2040,2.515009051
MESSAGEix-GLOBIOM_1.0,NPi2020_400_v3,R5LAM,Nuclear,EJ/yr,2040,0.7293825974
MESSAGEix-GLOBIOM_1.0,NPi2020_400_v3,R5REF,Nuclear,EJ/yr,2040,1.027725595
MESSAGEix-GLOBIOM_1.0,NPi2020_400_v3,R5OECD90+EU,Nuclear,EJ/yr,2040,13.96055595
MESSAGEix-GLOBIOM_1.0,NPi2020_400_v3,World,Oil,EJ/yr,2040,0.274103676
MESSAGEix-GLOBIOM_1.0,NPi2020_400_v3,R5ASIA,Oil,EJ/yr,2040,0.0163815267
MESSAGEix-GLOBIOM_1.0,NPi2020_400_v3,R5MAF,Oil,EJ/yr,2040,0.2248747163
MESSAGEix-GLOBIOM_1.0,NPi2020_400_v3,R5LAM,Oil,EJ/yr,2040,0.01637235345
MESSAGEix-GLOBIOM_1.0,NPi2020_400_v3,R5REF,Oil,EJ/yr,2040,0
MESSAGEix-GLOBIOM_1.0,NPi2020_400_v3,R5OECD90+EU,Oil,EJ/yr,2040,0.01647507947
MESSAGEix-GLOBIOM_1.0,NPi2020_400_v3,World,Solar,EJ/yr,2040,18.10514933
MESSAGEix-GLOBIOM_1.0,NPi2020_400_v3,R5ASIA,Solar,EJ/yr,2040,10.65894193
MESSAGEix-GLOBIOM_1.0,NPi2020_400_v3,R5MAF,Solar,EJ/yr,2040,1.44083524
MESSAGEix-GLOBIOM_1.0,NPi2020_400_v3,R5LAM,Solar,EJ/yr,2040,1.67619191
MESSAGEix-GLOBIOM_1.0,NPi2020_400_v3,R5REF,Solar,EJ/yr,2040,0.1841104809
MESSAGEix-GLOBIOM_1.0,NPi2020_400_v3,R5OECD90+EU,Solar,EJ/yr,2040,4.145069772
MESSAGEix-GLOBIOM_1.0,NPi2020_400_v3,World,Wind,EJ/yr,2040,42.42629937
MESSAGEix-GLOBIOM_1.0,NPi2020_400_v3,R5ASIA,Wind,EJ/yr,2040,21.5655858
MESSAGEix-GLOBIOM_1.0,NPi2020_400_v3,R5MAF,Wind,EJ/yr,2040,5.21915899
MESSAGEix-GLOBIOM_1.0,NPi2020_400_v3,R5LAM,Wind,EJ/yr,2040,3.070811918
MESSAGEix-GLOBIOM_1.0,NPi2020_400_v3,R5REF,Wind,EJ/yr,2040,1.285242902
MESSAGEix-GLOBIOM_1.0,NPi2020_400_v3,R5OECD90+EU,Wind,EJ/yr,2040,11.28549976
MESSAGEix-GLOBIOM_1.0,NPi2020_400_v3,World,Coal,EJ/yr,2050,0.9840112949
MESSAGEix-GLOBIOM_1.0,NPi2020_400_v3,R5ASIA,Coal,EJ/yr,2050,0.4945774838
MESSAGEix-GLOBIOM_1.0,NPi2020_400_v3,R5MAF,Coal,EJ/yr,2050,0.0213636426
MESSAGEix-GLOBIOM_1.0,NPi2020_400_v3,R5LAM,Coal,EJ/yr,2050,0.01837918407
MESSAGEix-GLOBIOM_1.0,NPi2020_400_v3,R5REF,Coal,EJ/yr,2050,0.05954921039
MESSAGEix-GLOBIOM_1.0,NPi2020_400_v3,R5OECD90+EU,Coal,EJ/yr,2050,0.3901417741
MESSAGEix-GLOBIOM_1.0,NPi2020_400_v3,World,Gas,EJ/yr,2050,40.77791605
MESSAGEix-GLOBIOM_1.0,NPi2020_400_v3,R5ASIA,Gas,EJ/yr,2050,8.508654882
MESSAGEix-GLOBIOM_1.0,NPi2020_400_v3,R5MAF,Gas,EJ/yr,2050,12.80108508
MESSAGEix-GLOBIOM_1.0,NPi2020_400_v3,R5LAM,Gas,EJ/yr,2050,1.42045658
MESSAGEix-GLOBIOM_1.0,NPi2020_400_v3,R5REF,Gas,EJ/yr,2050,0.9903382586
MESSAGEix-GLOBIOM_1.0,NPi2020_400_v3,R5OECD90+EU,Gas,EJ/yr,2050,17.05738125
MESSAGEix-GLOBIOM_1.0,NPi2020_400_v3,World,Geothermal,EJ/yr,2050,4.081389899
MESSAGEix-GLOBIOM_1.0,NPi2020_400_v3,R5ASIA,Geothermal,EJ/yr,2050,0.3952770004
MESSAGEix-GLOBIOM_1.0,NPi2020_400_v3,R5MAF,Geothermal,EJ/yr,2050,0.07940298752
MESSAGEix-GLOBIOM_1.0,NPi2020_400_v3,R5LAM,Geothermal,EJ/yr,2050,0.01221004312
MESSAGEix-GLOBIOM_1.0,NPi2020_400_v3,R5REF,Geothermal,EJ/yr,2050,0.0007453711331
MESSAGEix-GLOBIOM_1.0,NPi2020_400_v3,R5OECD90+EU,Geothermal,EJ/yr,2050,3.593754497
MESSAGEix-GLOBIOM_1.0,NPi2020_400_v3,World,Hydro,EJ/yr,2050,31.88717504
MESSAGEix-GLOBIOM_1.0,NPi2020_400_v3,R5ASIA,Hydro,EJ/yr,2050,11.98456929
MESSAGEix-GLOBIOM_1.0,NPi2020_400_v3,R5MAF,Hydro,EJ/yr,2050,2.58627997
MESSAGEix-GLOBIOM_1.0,NPi2020_400_v3,R5LAM,Hydro,EJ/yr,2050,6.167331554
MESSAGEix-GLOBIOM_1.0,NPi2020_400_v3,R5REF,Hydro,EJ/yr,2050,5.051160229
MESSAGEix-GLOBIOM_1.0,NPi2020_400_v3,R5OECD90+EU,Hydro,EJ/yr,2050,6.097834001
MESSAGEix-GLOBIOM_1.0,NPi2020_400_v3,World,Nuclear,EJ/yr,2050,57.10411282
MESSAGEix-GLOBIOM_1.0,NPi2020_400_v3,R5ASIA,Nuclear,EJ/yr,2050,30.71136495
MESSAGEix-GLOBIOM_1.0,NPi2020_400_v3,R5MAF,Nuclear,EJ/yr,2050,5.865753261
MESSAGEix-GLOBIOM_1.0,NPi2020_400_v3,R5LAM,Nuclear,EJ/yr,2050,1.308730307
MESSAGEix-GLOBIOM_1.0,NPi2020_400_v3,R5REF,Nuclear,EJ/yr,2050,1.975679687
MESSAGEix-GLOBIOM_1.0,NPi2020_400_v3,R5OECD90+EU,Nuclear,EJ/yr,2050,17.24258462
MESSAGEix-GLOBIOM_1.0,NPi2020_400_v3,World,Oil,EJ/yr,2050,0.09662397835
MESSAGEix-GLOBIOM_1.0,NPi2020_400_v3,R5ASIA,Oil,EJ/yr,2050,0.005759156313
MESSAGEix-GLOBIOM_1.0,NPi2020_400_v3,R5MAF,Oil,EJ/yr,2050,0.07936466967
MESSAGEix-GLOBIOM_1.0,NPi2020_400_v3,R5LAM,Oil,EJ/yr,2050,0.00574265511
MESSAGEix-GLOBIOM_1.0,NPi2020_400_v3,R5REF,Oil,EJ/yr,2050,0
MESSAGEix-GLOBIOM_1.0,NPi2020_400_v3,R5OECD90+EU,Oil,EJ/yr,2050,0.00575749726
MESSAGEix-GLOBIOM_1.0,NPi2020_400_v3,World,Solar,EJ/yr,2050,33.27241054
MESSAGEix-GLOBIOM_1.0,NPi2020_400_v3,R5ASIA,Solar,EJ/yr,2050,17.60374909
MESSAGEix-GLOBIOM_1.0,NPi2020_400_v3,R5MAF,Solar,EJ/yr,2050,3.538253674
MESSAGEix-GLOBIOM_1.0,NPi2020_400_v3,R5LAM,Solar,EJ/yr,2050,3.105777657
MESSAGEix-GLOBIOM_1.0,NPi2020_400_v3,R5REF,Solar,EJ/yr,2050,0.4013699726
MESSAGEix-GLOBIOM_1.0,NPi2020_400_v3,R5OECD90+EU,Solar,EJ/yr,2050,8.623260147
MESSAGEix-GLOBIOM_1.0,NPi2020_400_v3,World,Wind,EJ/yr,2050,56.58374263
MESSAGEix-GLOBIOM_1.0,NPi2020_400_v3,R5ASIA,Wind,EJ/yr,2050,26.12902545
MESSAGEix-GLOBIOM_1.0,NPi2020_400_v3,R5MAF,Wind,EJ/yr,2050,9.424948306
MESSAGEix-GLOBIOM_1.0,NPi2020_400_v3,R5LAM,Wind,EJ/yr,2050,4.149753885
MESSAGEix-GLOBIOM_1.0,NPi2020_400_v3,R5REF,Wind,EJ/yr,2050,2.437956512
MESSAGEix-GLOBIOM_1.0,NPi2020_400_v3,R5OECD90+EU,Wind,EJ/yr,2050,14.44205848
MESSAGEix-GLOBIOM_1.0,NPi2020_400_v3,World,Coal,EJ/yr,2060,0.83276505
MESSAGEix-GLOBIOM_1.0,NPi2020_400_v3,R5ASIA,Coal,EJ/yr,2060,0.4289825524
MESSAGEix-GLOBIOM_1.0,NPi2020_400_v3,R5MAF,Coal,EJ/yr,2060,0.03122618608
MESSAGEix-GLOBIOM_1.0,NPi2020_400_v3,R5LAM,Coal,EJ/yr,2060,0
MESSAGEix-GLOBIOM_1.0,NPi2020_400_v3,R5REF,Coal,EJ/yr,2060,0.1099869356
MESSAGEix-GLOBIOM_1.0,NPi2020_400_v3,R5OECD90+EU,Coal,EJ/yr,2060,0.2625693759
MESSAGEix-GLOBIOM_1.0,NPi2020_400_v3,World,Gas,EJ/yr,2060,27.80527012
MESSAGEix-GLOBIOM_1.0,NPi2020_400_v3,R5ASIA,Gas,EJ/yr,2060,2.716531592
MESSAGEix-GLOBIOM_1.0,NPi2020_400_v3,R5MAF,Gas,EJ/yr,2060,12.6698395
MESSAGEix-GLOBIOM_1.0,NPi2020_400_v3,R5LAM,Gas,EJ/yr,2060,0.8076045444
MESSAGEix-GLOBIOM_1.0,NPi2020_400_v3,R5REF,Gas,EJ/yr,2060,0.0000005431495834
MESSAGEix-GLOBIOM_1.0,NPi2020_400_v3,R5OECD90+EU,Gas,EJ/yr,2060,11.61129394
MESSAGEix-GLOBIOM_1.0,NPi2020_400_v3,World,Geothermal,EJ/yr,2060,4.626031723
MESSAGEix-GLOBIOM_1.0,NPi2020_400_v3,R5ASIA,Geothermal,EJ/yr,2060,0.5210636325
MESSAGEix-GLOBIOM_1.0,NPi2020_400_v3,R5MAF,Geothermal,EJ/yr,2060,0.1203694108
MESSAGEix-GLOBIOM_1.0,NPi2020_400_v3,R5LAM,Geothermal,EJ/yr,2060,0.01271270916
MESSAGEix-GLOBIOM_1.0,NPi2020_400_v3,R5REF,Geothermal,EJ/yr,2060,0.0007602106183
MESSAGEix-GLOBIOM_1.0,NPi2020_400_v3,R5OECD90+EU,Geothermal,EJ/yr,2060,3.97112576
MESSAGEix-GLOBIOM_1.0,NPi2020_400_v3,World,Hydro,EJ/yr,2060,34.29878537
MESSAGEix-GLOBIOM_1.0,NPi2020_400_v3,R5ASIA,Hydro,EJ/yr,2060,12.10221346
MESSAGEix-GLOBIOM_1.0,NPi2020_400_v3,R5MAF,Hydro,EJ/yr,2060,2.801098912
MESSAGEix-GLOBIOM_1.0,NPi2020_400_v3,R5LAM,Hydro,EJ/yr,2060,6.717073763
MESSAGEix-GLOBIOM_1.0,NPi2020_400_v3,R5REF,Hydro,EJ/yr,2060,6.317462011
MESSAGEix-GLOBIOM_1.0,NPi2020_400_v3,R5OECD90+EU,Hydro,EJ/yr,2060,6.360937218
MESSAGEix-GLOBIOM_1.0,NPi2020_400_v3,World,Nuclear,EJ/yr,2060,95.14746959
MESSAGEix-GLOBIOM_1.0,NPi2020_400_v3,R5ASIA,Nuclear,EJ/yr,2060,55.85210998
MESSAGEix-GLOBIOM_1.0,NPi2020_400_v3,R5MAF,Nuclear,EJ/yr,2060,12.01959413
MESSAGEix-GLOBIOM_1.0,NPi2020_400_v3,R5LAM,Nuclear,EJ/yr,2060,1.510995244
MESSAGEix-GLOBIOM_1.0,NPi2020_400_v3,R5REF,Nuclear,EJ/yr,2060,2.533391287
MESSAGEix-GLOBIOM_1.0,NPi2020_400_v3,R5OECD90+EU,Nuclear,EJ/yr,2060,23.23137896
MESSAGEix-GLOBIOM_1.0,NPi2020_400_v3,World,Oil,EJ/yr,2060,0.02533453947
MESSAGEix-GLOBIOM_1.0,NPi2020_400_v3,R5ASIA,Oil,EJ/yr,2060,0.00000569937626
MESSAGEix-GLOBIOM_1.0,NPi2020_400_v3,R5MAF,Oil,EJ/yr,2060,0.02531722993
MESSAGEix-GLOBIOM_1.0,NPi2020_400_v3,R5LAM,Oil,EJ/yr,2060,0.000005966540482
MESSAGEix-GLOBIOM_1.0,NPi2020_400_v3,R5REF,Oil,EJ/yr,2060,0
MESSAGEix-GLOBIOM_1.0,NPi2020_400_v3,R5OECD90+EU,Oil,EJ/yr,2060,0.000005643624502
MESSAGEix-GLOBIOM_1.0,NPi2020_400_v3,World,Solar,EJ/yr,2060,48.33492859
MESSAGEix-GLOBIOM_1.0,NPi2020_400_v3,R5ASIA,Solar,EJ/yr,2060,22.1351995
MESSAGEix-GLOBIOM_1.0,NPi2020_400_v3,R5MAF,Solar,EJ/yr,2060,7.020860426
MESSAGEix-GLOBIOM_1.0,NPi2020_400_v3,R5LAM,Solar,EJ/yr,2060,4.262779195
MESSAGEix-GLOBIOM_1.0,NPi2020_400_v3,R5REF,Solar,EJ/yr,2060,0.7552627964
MESSAGEix-GLOBIOM_1.0,NPi2020_400_v3,R5OECD90+EU,Solar,EJ/yr,2060,14.16082667
MESSAGEix-GLOBIOM_1.0,NPi2020_400_v3,World,Wind,EJ/yr,2060,83.08782944
MESSAGEix-GLOBIOM_1.0,NPi2020_400_v3,R5ASIA,Wind,EJ/yr,2060,31.3401753
MESSAGEix-GLOBIOM_1.0,NPi2020_400_v3,R5MAF,Wind,EJ/yr,2060,18.83131588
MESSAGEix-GLOBIOM_1.0,NPi2020_400_v3,R5LAM,Wind,EJ/yr,2060,5.095924678
MESSAGEix-GLOBIOM_1.0,NPi2020_400_v3,R5REF,Wind,EJ/yr,2060,3.234967018
MESSAGEix-GLOBIOM_1.0,NPi2020_400_v3,R5OECD90+EU,Wind,EJ/yr,2060,24.58544657
MESSAGEix-GLOBIOM_1.0,NPi2020_400_v3,World,Coal,EJ/yr,2070,0.2008605376
MESSAGEix-GLOBIOM_1.0,NPi2020_400_v3,R5ASIA,Coal,EJ/yr,2070,0.104644622
MESSAGEix-GLOBIOM_1.0,NPi2020_400_v3,R5MAF,Coal,EJ/yr,2070,0.03787557329
MESSAGEix-GLOBIOM_1.0,NPi2020_400_v3,R5LAM,Coal,EJ/yr,2070,0
MESSAGEix-GLOBIOM_1.0,NPi2020_400_v3,R5REF,Coal,EJ/yr,2070,0.01503766208
MESSAGEix-GLOBIOM_1.0,NPi2020_400_v3,R5OECD90+EU,Coal,EJ/yr,2070,0.04330268025
MESSAGEix-GLOBIOM_1.0,NPi2020_400_v3,World,Gas,EJ/yr,2070,16.40691436
MESSAGEix-GLOBIOM_1.0,NPi2020_400_v3,R5ASIA,Gas,EJ/yr,2070,0.6705164654
MESSAGEix-GLOBIOM_1.0,NPi2020_400_v3,R5MAF,Gas,EJ/yr,2070,10.19157836
MESSAGEix-GLOBIOM_1.0,NPi2020_400_v3,R5LAM,Gas,EJ/yr,2070,0.5570998958
MESSAGEix-GLOBIOM_1.0,NPi2020_400_v3,R5REF,Gas,EJ/yr,2070,0
MESSAGEix-GLOBIOM_1.0,NPi2020_400_v3,R5OECD90+EU,Gas,EJ/yr,2070,4.987719644
MESSAGEix-GLOBIOM_1.0,NPi2020_400_v3,World,Geothermal,EJ/yr,2070,5.413961768
MESSAGEix-GLOBIOM_1.0,NPi2020_400_v3,R5ASIA,Geothermal,EJ/yr,2070,0.6542827686
MESSAGEix-GLOBIOM_1.0,NPi2020_400_v3,R5MAF,Geothermal,EJ/yr,2070,0.143768241
MESSAGEix-GLOBIOM_1.0,NPi2020_400_v3,R5LAM,Geothermal,EJ/yr,2070,0.1559372361
MESSAGEix-GLOBIOM_1.0,NPi2020_400_v3,R5REF,Geothermal,EJ/yr,2070,0.1362734637
MESSAGEix-GLOBIOM_1.0,NPi2020_400_v3,R5OECD90+EU,Geothermal,EJ/yr,2070,4.323700059
MESSAGEix-GLOBIOM_1.0,NPi2020_400_v3,World,Hydro,EJ/yr,2070,35.83765304
MESSAGEix-GLOBIOM_1.0,NPi2020_400_v3,R5ASIA,Hydro,EJ/yr,2070,12.14195384
MESSAGEix-GLOBIOM_1.0,NPi2020_400_v3,R5MAF,Hydro,EJ/yr,2070,3.10258976
MESSAGEix-GLOBIOM_1.0,NPi2020_400_v3,R5LAM,Hydro,EJ/yr,2070,7.111008401
MESSAGEix-GLOBIOM_1.0,NPi2020_400_v3,R5REF,Hydro,EJ/yr,2070,6.952046805
MESSAGEix-GLOBIOM_1.0,NPi2020_400_v3,R5OECD90+EU,Hydro,EJ/yr,2070,6.530054235
MESSAGEix-GLOBIOM_1.0,NPi2020_400_v3,World,Nuclear,EJ/yr,2070,126.671681
MESSAGEix-GLOBIOM_1.0,NPi2020_400_v3,R5ASIA,Nuclear,EJ/yr,2070,75.27930547
MESSAGEix-GLOBIOM_1.0,NPi2020_400_v3,R5MAF,Nuclear,EJ/yr,2070,21.8520049
MESSAGEix-GLOBIOM_1.0,NPi2020_400_v3,R5LAM,Nuclear,EJ/yr,2070,1.239014878
MESSAGEix-GLOBIOM_1.0,NPi2020_400_v3,R5REF,Nuclear,EJ/yr,2070,2.589242264
MESSAGEix-GLOBIOM_1.0,NPi2020_400_v3,R5OECD90+EU,Nuclear,EJ/yr,2070,25.71211354
MESSAGEix-GLOBIOM_1.0,NPi2020_400_v3,World,Oil,EJ/yr,2070,0.0000246981084
MESSAGEix-GLOBIOM_1.0,NPi2020_400_v3,R5ASIA,Oil,EJ/yr,2070,0
MESSAGEix-GLOBIOM_1.0,NPi2020_400_v3,R5MAF,Oil,EJ/yr,2070,0.0000246981084
MESSAGEix-GLOBIOM_1.0,NPi2020_400_v3,R5LAM,Oil,EJ/yr,2070,0
MESSAGEix-GLOBIOM_1.0,NPi2020_400_v3,R5REF,Oil,EJ/yr,2070,0
MESSAGEix-GLOBIOM_1.0,NPi2020_400_v3,R5OECD90+EU,Oil,EJ/yr,2070,0
MESSAGEix-GLOBIOM_1.0,NPi2020_400_v3,World,Solar,EJ/yr,2070,71.88091089
MESSAGEix-GLOBIOM_1.0,NPi2020_400_v3,R5ASIA,Solar,EJ/yr,2070,29.91382109
MESSAGEix-GLOBIOM_1.0,NPi2020_400_v3,R5MAF,Solar,EJ/yr,2070,12.68137855
MESSAGEix-GLOBIOM_1.0,NPi2020_400_v3,R5LAM,Solar,EJ/yr,2070,5.903829118
MESSAGEix-GLOBIOM_1.0,NPi2020_400_v3,R5REF,Solar,EJ/yr,2070,1.331716927
MESSAGEix-GLOBIOM_1.0,NPi2020_400_v3,R5OECD90+EU,Solar,EJ/yr,2070,22.05016521
MESSAGEix-GLOBIOM_1.0,NPi2020_400_v3,World,Wind,EJ/yr,2070,121.9032248
MESSAGEix-GLOBIOM_1.0,NPi2020_400_v3,R5ASIA,Wind,EJ/yr,2070,40.42565131
MESSAGEix-GLOBIOM_1.0,NPi2020_400_v3,R5MAF,Wind,EJ/yr,2070,31.95149333
MESSAGEix-GLOBIOM_1.0,NPi2020_400_v3,R5LAM,Wind,EJ/yr,2070,7.740999249
MESSAGEix-GLOBIOM_1.0,NPi2020_400_v3,R5REF,Wind,EJ/yr,2070,5.698126283
MESSAGEix-GLOBIOM_1.0,NPi2020_400_v3,R5OECD90+EU,Wind,EJ/yr,2070,36.08695464
MESSAGEix-GLOBIOM_1.0,NPi2020_400_v3,World,Coal,EJ/yr,2080,0.05787442302
MESSAGEix-GLOBIOM_1.0,NPi2020_400_v3,R5ASIA,Coal,EJ/yr,2080,0.0326739828
MESSAGEix-GLOBIOM_1.0,NPi2020_400_v3,R5MAF,Coal,EJ/yr,2080,0.01666946734
MESSAGEix-GLOBIOM_1.0,NPi2020_400_v3,R5LAM,Coal,EJ/yr,2080,0
MESSAGEix-GLOBIOM_1.0,NPi2020_400_v3,R5REF,Coal,EJ/yr,2080,0.0003430669049
MESSAGEix-GLOBIOM_1.0,NPi2020_400_v3,R5OECD90+EU,Coal,EJ/yr,2080,0.008187905983
MESSAGEix-GLOBIOM_1.0,NPi2020_400_v3,World,Gas,EJ/yr,2080,2.852679136
MESSAGEix-GLOBIOM_1.0,NPi2020_400_v3,R5ASIA,Gas,EJ/yr,2080,0.3150722792
MESSAGEix-GLOBIOM_1.0,NPi2020_400_v3,R5MAF,Gas,EJ/yr,2080,0.8952686744
MESSAGEix-GLOBIOM_1.0,NPi2020_400_v3,R5LAM,Gas,EJ/yr,2080,0.5076196124
MESSAGEix-GLOBIOM_1.0,NPi2020_400_v3,R5REF,Gas,EJ/yr,2080,0
MESSAGEix-GLOBIOM_1.0,NPi2020_400_v3,R5OECD90+EU,Gas,EJ/yr,2080,1.13471857
MESSAGEix-GLOBIOM_1.0,NPi2020_400_v3,World,Geothermal,EJ/yr,2080,6.087554233
MESSAGEix-GLOBIOM_1.0,NPi2020_400_v3,R5ASIA,Geothermal,EJ/yr,2080,0.8534907122
MESSAGEix-GLOBIOM_1.0,NPi2020_400_v3,R5MAF,Geothermal,EJ/yr,2080,0.142673323
MESSAGEix-GLOBIOM_1.0,NPi2020_400_v3,R5LAM,Geothermal,EJ/yr,2080,0.3655440016
MESSAGEix-GLOBIOM_1.0,NPi2020_400_v3,R5REF,Geothermal,EJ/yr,2080,0.3039596325
MESSAGEix-GLOBIOM_1.0,NPi2020_400_v3,R5OECD90+EU,Geothermal,EJ/yr,2080,4.421886564
MESSAGEix-GLOBIOM_1.0,NPi2020_400_v3,World,Hydro,EJ/yr,2080,36.85010905
MESSAGEix-GLOBIOM_1.0,NPi2020_400_v3,R5ASIA,Hydro,EJ/yr,2080,12.15993158
MESSAGEix-GLOBIOM_1.0,NPi2020_400_v3,R5MAF,Hydro,EJ/yr,2080,3.221810958
MESSAGEix-GLOBIOM_1.0,NPi2020_400_v3,R5LAM,Hydro,EJ/yr,2080,7.380044593
MESSAGEix-GLOBIOM_1.0,NPi2020_400_v3,R5REF,Hydro,EJ/yr,2080,7.418523416
MESSAGEix-GLOBIOM_1.0,NPi2020_400_v3,R5OECD90+EU,Hydro,EJ/yr,2080,6.6697985
MESSAGEix-GLOBIOM_1.0,NPi2020_400_v3,World,Nuclear,EJ/yr,2080,132.6814311
MESSAGEix-GLOBIOM_1.0,NPi2020_400_v3,R5ASIA,Nuclear,EJ/yr,2080,77.35005624
MESSAGEix-GLOBIOM_1.0,NPi2020_400_v3,R5MAF,Nuclear,EJ/yr,2080,25.27218989
MESSAGEix-GLOBIOM_1.0,NPi2020_400_v3,R5LAM,Nuclear,EJ/yr,2080,0.7655901715
MESSAGEix-GLOBIOM_1.0,NPi2020_400_v3,R5REF,Nuclear,EJ/yr,2080,2.444521982
MESSAGEix-GLOBIOM_1.0,NPi2020_400_v3,R5OECD90+EU,Nuclear,EJ/yr,2080,26.84907282
MESSAGEix-GLOBIOM_1.0,NPi2020_400_v3,World,Oil,EJ/yr,2080,0
MESSAGEix-GLOBIOM_1.0,NPi2020_400_v3,R5ASIA,Oil,EJ/yr,2080,0
MESSAGEix-GLOBIOM_1.0,NPi2020_400_v3,R5MAF,Oil,EJ/yr,2080,0
MESSAGEix-GLOBIOM_1.0,NPi2020_400_v3,R5LAM,Oil,EJ/yr,2080,0
MESSAGEix-GLOBIOM_1.0,NPi2020_400_v3,R5REF,Oil,EJ/yr,2080,0
MESSAGEix-GLOBIOM_1.0,NPi2020_400_v3,R5OECD90+EU,Oil,EJ/yr,2080,0
MESSAGEix-GLOBIOM_1.0,NPi2020_400_v3,World,Solar,EJ/yr,2080,93.04816893
MESSAGEix-GLOBIOM_1.0,NPi2020_400_v3,R5ASIA,Solar,EJ/yr,2080,34.97971033
MESSAGEix-GLOBIOM_1.0,NPi2020_400_v3,R5MAF,Solar,EJ/yr,2080,21.51856891
MESSAGEix-GLOBIOM_1.0,NPi2020_400_v3,R5LAM,Solar,EJ/yr,2080,8.23933024
MESSAGEix-GLOBIOM_1.0,NPi2020_400_v3,R5REF,Solar,EJ/yr,2080,2.270699925
MESSAGEix-GLOBIOM_1.0,NPi2020_400_v3,R5OECD90+EU,Solar,EJ/yr,2080,26.03985952
MESSAGEix-GLOBIOM_1.0,NPi2020_400_v3,World,Wind,EJ/yr,2080,160.0131848
MESSAGEix-GLOBIOM_1.0,NPi2020_400_v3,R5ASIA,Wind,EJ/yr,2080,46.65208569
MESSAGEix-GLOBIOM_1.0,NPi2020_400_v3,R5MAF,Wind,EJ/yr,2080,51.34439326
MESSAGEix-GLOBIOM_1.0,NPi2020_400_v3,R5LAM,Wind,EJ/yr,2080,11.75097305
MESSAGEix-GLOBIOM_1.0,NPi2020_400_v3,R5REF,Wind,EJ/yr,2080,6.522998589
MESSAGEix-GLOBIOM_1.0,NPi2020_400_v3,R5OECD90+EU,Wind,EJ/yr,2080,43.7427342
MESSAGEix-GLOBIOM_1.0,NPi2020_400_v3,World,Coal,EJ/yr,2090,0.0009120117758
MESSAGEix-GLOBIOM_1.0,NPi2020_400_v3,R5ASIA,Coal,EJ/yr,2090,0
MESSAGEix-GLOBIOM_1.0,NPi2020_400_v3,R5MAF,Coal,EJ/yr,2090,0
MESSAGEix-GLOBIOM_1.0,NPi2020_400_v3,R5LAM,Coal,EJ/yr,2090,0
MESSAGEix-GLOBIOM_1.0,NPi2020_400_v3,R5REF,Coal,EJ/yr,2090,0.0002054067782
MESSAGEix-GLOBIOM_1.0,NPi2020_400_v3,R5OECD90+EU,Coal,EJ/yr,2090,0.0007066049976
MESSAGEix-GLOBIOM_1.0,NPi2020_400_v3,World,Gas,EJ/yr,2090,0.4229720243
MESSAGEix-GLOBIOM_1.0,NPi2020_400_v3,R5ASIA,Gas,EJ/yr,2090,0.1830612234
MESSAGEix-GLOBIOM_1.0,NPi2020_400_v3,R5MAF,Gas,EJ/yr,2090,0
MESSAGEix-GLOBIOM_1.0,NPi2020_400_v3,R5LAM,Gas,EJ/yr,2090,0.1486444836
MESSAGEix-GLOBIOM_1.0,NPi2020_400_v3,R5REF,Gas,EJ/yr,2090,0
MESSAGEix-GLOBIOM_1.0,NPi2020_400_v3,R5OECD90+EU,Gas,EJ/yr,2090,0.09126631737
MESSAGEix-GLOBIOM_1.0,NPi2020_400_v3,World,Geothermal,EJ/yr,2090,6.481858139
MESSAGEix-GLOBIOM_1.0,NPi2020_400_v3,R5ASIA,Geothermal,EJ/yr,2090,0.9631966165
MESSAGEix-GLOBIOM_1.0,NPi2020_400_v3,R5MAF,Geothermal,EJ/yr,2090,0.141137741
MESSAGEix-GLOBIOM_1.0,NPi2020_400_v3,R5LAM,Geothermal,EJ/yr,2090,0.6175910203
MESSAGEix-GLOBIOM_1.0,NPi2020_400_v3,R5REF,Geothermal,EJ/yr,2090,0.3057001671
MESSAGEix-GLOBIOM_1.0,NPi2020_400_v3,R5OECD90+EU,Geothermal,EJ/yr,2090,4.454232594
MESSAGEix-GLOBIOM_1.0,NPi2020_400_v3,World,Hydro,EJ/yr,2090,37.50388904
MESSAGEix-GLOBIOM_1.0,NPi2020_400_v3,R5ASIA,Hydro,EJ/yr,2090,12.16781658
MESSAGEix-GLOBIOM_1.0,NPi2020_400_v3,R5MAF,Hydro,EJ/yr,2090,3.290568156
MESSAGEix-GLOBIOM_1.0,NPi2020_400_v3,R5LAM,Hydro,EJ/yr,2090,7.557614826
MESSAGEix-GLOBIOM_1.0,NPi2020_400_v3,R5REF,Hydro,EJ/yr,2090,7.744016116
MESSAGEix-GLOBIOM_1.0,NPi2020_400_v3,R5OECD90+EU,Hydro,EJ/yr,2090,6.743873362
MESSAGEix-GLOBIOM_1.0,NPi2020_400_v3,World,Nuclear,EJ/yr,2090,112.4450147
MESSAGEix-GLOBIOM_1.0,NPi2020_400_v3,R5ASIA,Nuclear,EJ/yr,2090,66.85057093
MESSAGEix-GLOBIOM_1.0,NPi2020_400_v3,R5MAF,Nuclear,EJ/yr,2090,24.22465123
MESSAGEix-GLOBIOM_1.0,NPi2020_400_v3,R5LAM,Nuclear,EJ/yr,2090,0.1025879518
MESSAGEix-GLOBIOM_1.0,NPi2020_400_v3,R5REF,Nuclear,EJ/yr,2090,2.235109051
MESSAGEix-GLOBIOM_1.0,NPi2020_400_v3,R5OECD90+EU,Nuclear,EJ/yr,2090,19.03209553
MESSAGEix-GLOBIOM_1.0,NPi2020_400_v3,World,Oil,EJ/yr,2090,0
MESSAGEix-GLOBIOM_1.0,NPi2020_400_v3,R5ASIA,Oil,EJ/yr,2090,0
MESSAGEix-GLOBIOM_1.0,NPi2020_400_v3,R5MAF,Oil,EJ/yr,2090,0
MESSAGEix-GLOBIOM_1.0,NPi2020_400_v3,R5LAM,Oil,EJ/yr,2090,0
MESSAGEix-GLOBIOM_1.0,NPi2020_400_v3,R5REF,Oil,EJ/yr,2090,0
MESSAGEix-GLOBIOM_1.0,NPi2020_400_v3,R5OECD90+EU,Oil,EJ/yr,2090,0
MESSAGEix-GLOBIOM_1.0,NPi2020_400_v3,World,Solar,EJ/yr,2090,123.0348642
MESSAGEix-GLOBIOM_1.0,NPi2020_400_v3,R5ASIA,Solar,EJ/yr,2090,40.93310792
MESSAGEix-GLOBIOM_1.0,NPi2020_400_v3,R5MAF,Solar,EJ/yr,2090,35.82120897
MESSAGEix-GLOBIOM_1.0,NPi2020_400_v3,R5LAM,Solar,EJ/yr,2090,13.75021977
MESSAGEix-GLOBIOM_1.0,NPi2020_400_v3,R5REF,Solar,EJ/yr,2090,3.754141172
MESSAGEix-GLOBIOM_1.0,NPi2020_400_v3,R5OECD90+EU,Solar,EJ/yr,2090,28.77618641
MESSAGEix-GLOBIOM_1.0,NPi2020_400_v3,World,Wind,EJ/yr,2090,197.5095528
MESSAGEix-GLOBIOM_1.0,NPi2020_400_v3,R5ASIA,Wind,EJ/yr,2090,57.39643277
MESSAGEix-GLOBIOM_1.0,NPi2020_400_v3,R5MAF,Wind,EJ/yr,2090,61.59514009
MESSAGEix-GLOBIOM_1.0,NPi2020_400_v3,R5LAM,Wind,EJ/yr,2090,19.02537681
MESSAGEix-GLOBIOM_1.0,NPi2020_400_v3,R5REF,Wind,EJ/yr,2090,6.667148034
MESSAGEix-GLOBIOM_1.0,NPi2020_400_v3,R5OECD90+EU,Wind,EJ/yr,2090,52.82545506
